id,y
1,81.66609191894531
2,99.22566223144531
3,80.28773498535156
4,79.76051330566406
5,116.81930541992188
8,97.23289489746094
10,112.16999816894531
11,97.17121887207031
12,114.4051513671875
14,97.33981323242188
15,114.46489715576172
16,104.71318817138672
17,97.5633544921875
19,97.40789031982422
20,104.46569061279297
21,97.9500732421875
22,114.85816955566406
23,97.5633544921875
26,96.81523895263672
28,95.0184097290039
29,94.97178649902344
33,94.97178649902344
35,95.0895004272461
41,95.04156494140625
42,95.07054901123047
43,115.86125183105469
45,103.5099105834961
46,103.64889526367188
51,94.62600708007812
53,80.04786682128906
55,111.55481719970703
56,94.62600708007812
57,103.86956787109375
58,95.10179138183594
59,103.47883605957031
63,111.96049499511719
64,94.85283660888672
65,104.45317077636719
69,95.1251220703125
71,95.10179138183594
72,103.67131042480469
73,95.08478546142578
76,103.67290496826172
77,103.84587860107422
78,114.84440612792969
82,95.0998306274414
83,104.45317077636719
84,94.62600708007812
85,103.8536376953125
87,111.78040313720703
88,94.97178649902344
89,112.49859619140625
91,95.08283233642578
93,95.08478546142578
94,103.9281997680664
95,94.90647888183594
96,111.24768829345703
97,94.94380187988281
98,111.77796936035156
99,95.08283233642578
101,103.87736511230469
103,112.49859619140625
104,94.52685546875
105,111.30131530761719
110,95.08478546142578
111,111.79534149169922
113,112.00897216796875
114,94.63175201416016
115,115.48519897460938
117,112.49859619140625
120,94.98368072509766
121,111.73228454589844
122,94.94380187988281
123,111.89739227294922
126,111.80638885498047
132,111.34646606445312
135,104.21182250976562
137,104.09842681884766
138,94.62600708007812
140,94.62600708007812
142,112.93299865722656
144,111.77062225341797
148,94.94380187988281
149,113.08634948730469
155,94.65547180175781
156,111.86244201660156
157,94.94380187988281
162,111.7823486328125
163,95.08478546142578
167,94.86511993408203
172,115.86125183105469
179,111.97750091552734
180,95.20844268798828
181,111.878173828125
182,94.86511993408203
183,112.49859619140625
185,112.49859619140625
187,111.34451293945312
188,95.0998306274414
189,94.62600708007812
191,94.52685546875
192,112.33033752441406
193,94.86511993408203
194,111.95159912109375
195,94.54385375976562
196,112.15141296386719
198,95.2207260131836
199,111.8005142211914
201,104.43817901611328
204,95.03046417236328
205,104.77194213867188
206,94.6141128540039
210,94.62600708007812
211,103.87736511230469
216,111.97087097167969
219,114.4051513671875
220,94.5030517578125
221,111.29212951660156
226,111.878173828125
227,94.98368072509766
228,111.79393005371094
230,112.24049377441406
231,94.94380187988281
235,114.85816955566406
236,94.62600708007812
238,112.24049377441406
242,103.91241455078125
243,95.08283233642578
244,80.6185073852539
245,111.33589935302734
247,116.36528778076172
248,94.98563385009766
249,95.08856964111328
250,111.71572875976562
251,94.62600708007812
253,114.85816955566406
254,94.93363189697266
256,94.86511993408203
257,94.94380187988281
258,111.75662994384766
259,95.08283233642578
262,81.68849182128906
266,94.56724548339844
267,111.5326919555664
272,103.84503173828125
273,112.49859619140625
275,95.1251220703125
276,112.68709564208984
279,95.1363754272461
280,104.45317077636719
283,94.98563385009766
285,111.72771453857422
288,112.49859619140625
289,94.65536499023438
290,103.95996856689453
291,95.08478546142578
292,111.34214782714844
293,111.32095336914062
296,95.75719451904297
297,111.77168273925781
298,114.84440612792969
299,95.0998306274414
304,94.468017578125
305,90.90852355957031
306,94.63175201416016
307,111.26727294921875
311,104.62673950195312
313,111.8897476196289
314,94.52685546875
316,94.87085723876953
324,94.85896301269531
327,94.91866302490234
329,94.48030853271484
330,111.92658233642578
337,104.1522216796875
338,94.62600708007812
339,104.07077026367188
340,94.86511993408203
343,95.08478546142578
345,114.46489715576172
346,94.86511993408203
347,113.71221160888672
349,112.21826934814453
350,94.61372375488281
352,111.80121612548828
353,94.52685546875
354,79.98082733154297
357,94.62600708007812
358,112.00970458984375
362,113.11693572998047
364,113.93768310546875
365,103.67377471923828
366,95.0998306274414
367,111.93517303466797
368,94.62600708007812
370,79.97124481201172
373,95.10179138183594
377,94.52685546875
378,111.85025024414062
382,103.67290496826172
384,111.79393005371094
390,94.90647888183594
392,111.3563003540039
393,111.79557037353516
395,95.0998306274414
396,104.01712799072266
399,79.91197967529297
406,111.8897476196289
408,111.8897476196289
409,94.52685546875
410,81.22098541259766
412,111.51934814453125
413,94.94287109375
419,94.66736602783203
420,112.33045959472656
421,94.92679595947266
430,102.08493041992188
434,94.62600708007812
436,95.0998306274414
437,94.62600708007812
438,95.07250213623047
439,112.3352279663086
440,95.08283233642578
443,112.16899108886719
446,95.03046417236328
448,94.63175201416016
452,94.86511993408203
453,103.88359832763672
457,104.29999542236328
458,94.62600708007812
459,113.5999984741211
460,103.90373229980469
462,103.89768981933594
464,103.85175323486328
465,114.4051513671875
467,113.41984558105469
471,111.24588775634766
472,79.93043518066406
473,94.52685546875
475,95.08283233642578
480,95.08478546142578
488,112.10799407958984
490,111.26727294921875
491,103.87736511230469
492,79.97124481201172
493,94.62600708007812
497,94.87085723876953
498,111.73204040527344
499,95.08478546142578
500,103.57601165771484
501,94.62600708007812
502,113.51835632324219
506,79.97124481201172
510,111.32929992675781
511,94.468017578125
512,94.48030853271484
516,107.83849334716797
518,94.52685546875
519,113.57283020019531
521,94.63175201416016
522,111.79661560058594
526,111.72173309326172
529,94.61985778808594
532,111.73409271240234
533,94.61372375488281
536,112.47418975830078
537,102.20719909667969
539,95.08478546142578
540,103.87736511230469
541,95.10557556152344
543,94.62600708007812
546,111.34336853027344
547,94.62600708007812
548,80.03543090820312
551,94.62600708007812
552,103.86038208007812
556,103.85589599609375
557,95.08478546142578
558,111.93517303466797
559,95.08283233642578
560,104.7922134399414
562,104.85713195800781
566,95.08478546142578
570,111.73204040527344
571,94.62600708007812
572,104.45317077636719
573,95.0998306274414
575,114.4051513671875
576,111.29666137695312
577,94.84252166748047
579,94.52685546875
580,111.44600677490234
581,111.19371032714844
589,111.26727294921875
591,103.52071380615234
593,94.62600708007812
594,103.80786895751953
595,94.88211822509766
598,94.62600708007812
602,111.34782409667969
604,111.79191589355469
606,112.44788360595703
608,95.0474624633789
609,103.87736511230469
610,94.62600708007812
616,111.3105239868164
617,95.07250213623047
618,103.61040496826172
620,103.66543579101562
622,111.96218872070312
623,94.92679595947266
624,112.28663635253906
626,111.72640991210938
628,111.76746368408203
629,94.60340881347656
630,112.25202941894531
637,95.10179138183594
638,103.88807678222656
643,94.90676879882812
645,95.08478546142578
646,113.13900756835938
648,95.10179138183594
652,95.08478546142578
653,94.62600708007812
654,111.73204040527344
656,111.30850982666016
657,94.86511993408203
659,94.65547180175781
660,103.87568664550781
663,94.52685546875
664,111.80638885498047
666,103.86392211914062
668,111.29375457763672
669,94.61985778808594
671,95.08283233642578
675,95.06023406982422
677,95.08283233642578
678,111.4781265258789
679,104.0921630859375
682,95.08478546142578
685,103.88119506835938
687,94.60340881347656
688,94.52685546875
693,111.82005310058594
696,94.91866302490234
698,95.07250213623047
701,94.74213409423828
704,103.88723754882812
705,114.92439270019531
709,111.92666625976562
710,94.62600708007812
711,103.863037109375
712,95.08478546142578
714,111.74678039550781
715,94.98563385009766
716,111.258056640625
717,94.52685546875
720,114.46489715576172
721,94.52685546875
724,105.58562469482422
725,95.03046417236328
726,113.56913757324219
728,111.92095184326172
731,94.98563385009766
734,103.8697509765625
738,94.52685546875
745,111.87554931640625
746,94.48030853271484
751,81.19264221191406
754,95.07250213623047
756,94.98368072509766
758,94.6141128540039
759,113.68804931640625
761,114.7799072265625
766,94.86511993408203
767,111.27875518798828
768,94.92679595947266
769,112.13492584228516
770,95.07250213623047
771,79.97124481201172
772,103.929443359375
773,94.62600708007812
774,111.25691986083984
776,111.79393005371094
777,94.62600708007812
780,115.86125183105469
782,103.87736511230469
787,103.59795379638672
788,95.08478546142578
792,94.92679595947266
793,111.4454574584961
798,95.23540496826172
800,95.07250213623047
806,111.258056640625
809,111.8005142211914
811,113.26927185058594
812,94.45771026611328
814,114.4051513671875
816,103.81520080566406
817,95.08283233642578
818,105.5363540649414
820,112.53678131103516
823,94.62600708007812
829,94.98368072509766
830,113.72532653808594
831,94.45771026611328
834,111.31156921386719
839,94.86511993408203
841,80.11717987060547
844,103.87736511230469
845,94.62600708007812
848,94.474853515625
850,94.6141128540039
851,103.85372161865234
852,94.59151458740234
854,95.06023406982422
855,95.08478546142578
856,107.66510009765625
859,103.80696105957031
861,111.25691986083984
864,95.08283233642578
865,111.25691986083984
866,94.98563385009766
867,94.62600708007812
869,95.08478546142578
871,94.52685546875
872,111.258056640625
882,103.77517700195312
883,94.62600708007812
885,95.03046417236328
888,94.91866302490234
893,111.2794418334961
901,111.44978332519531
903,103.87736511230469
904,95.08478546142578
905,103.85973358154297
910,95.08478546142578
911,111.35452270507812
914,112.30425262451172
918,113.5730972290039
921,94.92679595947266
928,94.60340881347656
929,103.87232208251953
932,94.6141128540039
933,103.92401885986328
934,95.08478546142578
935,111.32447814941406
937,80.19808959960938
939,95.0998306274414
940,103.56314849853516
941,94.62600708007812
942,103.88909912109375
943,95.07250213623047
944,103.86392211914062
947,111.27022552490234
949,111.90228271484375
951,111.80288696289062
952,94.86511993408203
953,103.87736511230469
954,79.94459533691406
957,111.8005142211914
959,94.92679595947266
960,113.57279205322266
963,114.4051513671875
965,111.27022552490234
967,103.85198211669922
971,94.84252166748047
972,79.97406768798828
973,95.08478546142578
974,111.79393005371094
975,94.83062744140625
978,114.42460632324219
980,111.79558563232422
981,95.08478546142578
984,112.38481903076172
986,95.08478546142578
988,94.92679595947266
989,111.32501220703125
990,104.18762969970703
992,111.44978332519531
996,94.62600708007812
999,113.01124572753906
1000,94.62600708007812
1001,111.25691986083984
1002,94.92679595947266
1003,111.79393005371094
1004,94.92679595947266
1008,111.32670593261719
1009,94.59151458740234
1010,105.08201599121094
1012,113.9457778930664
1013,94.60340881347656
1014,113.51606750488281
1015,94.52685546875
1016,114.95427703857422
1019,94.49793243408203
1020,112.23906707763672
1021,95.08478546142578
1022,103.8443832397461
1024,95.08478546142578
1025,80.57564544677734
1027,95.08478546142578
1028,103.94529724121094
1029,94.59151458740234
1030,95.09317779541016
1033,111.79393005371094
1036,94.54263305664062
1037,111.13538360595703
1038,94.97175598144531
1042,95.0998306274414
1043,103.64624786376953
1044,94.62600708007812
1045,111.28812408447266
1047,114.00242614746094
1050,94.62600708007812
1051,111.27022552490234
1054,94.62600708007812
1056,95.08478546142578
1057,94.62600708007812
1059,94.86511993408203
1062,102.64814758300781
1063,103.87529754638672
1064,95.08478546142578
1066,94.68148040771484
1070,103.93546295166016
1076,111.28812408447266
1077,102.35541534423828
1078,111.2767562866211
1080,111.95462036132812
1082,112.15132141113281
1083,94.91866302490234
1089,112.5613021850586
1091,94.91866302490234
1093,94.62600708007812
1097,95.07250213623047
1099,94.62600708007812
1101,95.08478546142578
1103,94.83062744140625
1104,111.29568481445312
1106,111.38175964355469
1109,94.54263305664062
1110,111.92658233642578
1111,94.65695190429688
1112,111.51451110839844
1114,94.62600708007812
1116,94.52685546875
1117,111.88385009765625
1120,94.98368072509766
1124,111.7852783203125
1125,94.60340881347656
1126,111.79661560058594
1134,111.32121276855469
1137,95.06023406982422
1138,111.76746368408203
1144,111.2458724975586
1145,94.88211822509766
1146,94.52685546875
1148,94.83062744140625
1150,94.98368072509766
1152,103.87736511230469
1153,95.0998306274414
1154,103.67131042480469
1155,95.0998306274414
1157,94.52685546875
1162,95.0998306274414
1165,111.8005142211914
1166,94.84252166748047
1167,103.8443832397461
1168,95.08478546142578
1169,103.80696105957031
1171,114.96659088134766
1172,95.08478546142578
1173,103.80696105957031
1174,94.62600708007812
1176,95.08478546142578
1177,103.84779357910156
1178,94.62600708007812
1182,111.83486938476562
1186,95.08478546142578
1187,111.94068145751953
1188,95.06023406982422
1189,115.98937225341797
1191,104.03147888183594
1192,95.0998306274414
1197,111.17467498779297
1198,94.45771026611328
1200,79.9524917602539
1201,94.86511993408203
1203,95.07250213623047
1209,114.4051513671875
1214,103.8792724609375
1218,111.38346099853516
1222,95.06023406982422
1226,94.67955017089844
1228,94.84252166748047
1230,94.59151458740234
1232,79.99821472167969
1233,94.68978881835938
1236,113.56208038330078
1238,94.62600708007812
1241,111.25529479980469
1244,103.97588348388672
1246,95.08283233642578
1247,111.79476928710938
1250,111.9287338256836
1251,94.60340881347656
1254,113.50887298583984
1255,94.62600708007812
1256,111.22679138183594
1257,94.53890991210938
1258,94.62600708007812
1259,111.25804138183594
1260,95.076171875
1263,111.2674789428711
1267,80.0013427734375
1268,111.17765045166016
1271,95.0998306274414
1272,111.2794418334961
1274,103.89373016357422
1275,95.0998306274414
1276,111.27022552490234
1277,94.5345458984375
1279,94.52685546875
1281,94.86511993408203
1282,95.06023406982422
1283,111.31648254394531
1285,112.74119567871094
1286,95.06023406982422
1289,111.76746368408203
1296,111.27523040771484
1299,94.98368072509766
1301,94.62600708007812
1306,94.98368072509766
1307,94.62600708007812
1308,94.54385375976562
1313,111.27022552490234
1314,94.86511993408203
1315,111.92658233642578
1316,94.52685546875
1317,111.2794418334961
1319,94.474853515625
1323,95.08478546142578
1324,103.88365173339844
1325,94.85966491699219
1328,103.86856079101562
1329,95.07250213623047
1330,111.25691986083984
1331,94.86511993408203
1332,103.86378479003906
1337,95.0998306274414
1338,111.26596069335938
1339,94.60340881347656
1340,111.32511138916016
1343,112.13422393798828
1347,103.8792724609375
1348,94.60340881347656
1349,103.96922302246094
1352,94.52685546875
1354,95.44915771484375
1359,111.82701110839844
1360,95.08478546142578
1363,111.50920867919922
1364,94.91866302490234
1365,103.57487487792969
1366,94.62600708007812
1372,95.08283233642578
1375,103.83995819091797
1376,94.62600708007812
1378,94.60340881347656
1379,112.27706146240234
1380,95.08478546142578
1381,103.80696105957031
1384,114.07133483886719
1387,94.98368072509766
1388,111.7354507446289
1392,80.01918029785156
1394,104.0780258178711
1395,95.0474624633789
1396,111.50920867919922
1398,94.60340881347656
1399,111.50920867919922
1400,94.86511993408203
1401,94.45771026611328
1403,94.60340881347656
1404,111.16649627685547
1406,111.50920867919922
1407,94.62600708007812
1408,111.48782348632812
1410,80.13871765136719
1412,111.49999237060547
1413,94.62600708007812
1415,94.86511993408203
1420,111.48782348632812
1422,111.38346099853516
1423,109.00566101074219
1424,111.48782348632812
1425,95.08283233642578
1426,80.13871765136719
1427,95.07250213623047
1429,94.62482452392578
1430,112.3038101196289
1431,95.44915771484375
1432,103.70116424560547
1434,112.71902465820312
1437,95.08478546142578
1438,103.78292083740234
1440,111.80098724365234
1441,111.35164642333984
1442,94.62600708007812
1444,111.24324035644531
1445,94.86511993408203
1446,103.87736511230469
1448,94.45771026611328
1453,94.52685546875
1454,111.49999237060547
1455,95.0998306274414
1456,111.6536865234375
1458,111.49999237060547
1459,94.54385375976562
1461,94.62600708007812
1465,94.98368072509766
1466,111.26800537109375
1469,95.08478546142578
1472,94.52685546875
1474,94.62600708007812
1477,111.85603332519531
1479,111.4568099975586
1482,94.62600708007812
1483,80.06957244873047
1487,95.08478546142578
1488,111.73204040527344
1490,111.7695541381836
1492,110.86726379394531
1494,114.71442413330078
1496,103.74107360839844
1497,94.86511993408203
1499,95.08478546142578
1502,95.08283233642578
1507,111.7859115600586
1508,94.52685546875
1509,111.48413848876953
1511,94.49793243408203
1512,111.81221008300781
1513,113.52872467041016
1514,104.16470336914062
1518,112.3352279663086
1519,94.9145278930664
1522,111.76746368408203
1524,80.06957244873047
1527,94.62600708007812
1529,94.9390869140625
1532,103.88909912109375
1536,111.80294036865234
1537,114.4051513671875
1539,104.35985565185547
1542,115.20357513427734
1543,94.62600708007812
1544,103.66790008544922
1545,80.13082122802734
1550,94.62600708007812
1551,111.66444396972656
1554,105.69839477539062
1556,103.88526916503906
1559,94.53890991210938
1560,80.333251953125
1562,95.07933807373047
1566,94.93167877197266
1567,112.27732849121094
1569,105.7222671508789
1570,111.57207489013672
1571,111.30135345458984
1574,94.52685546875
1578,103.87736511230469
1580,94.98368072509766
1583,111.5772933959961
1584,94.52685546875
1585,111.67344665527344
1586,95.08283233642578
1587,111.79393005371094
1588,94.92679595947266
1590,113.01978302001953
1592,103.58680725097656
1596,111.12922668457031
1598,111.2261962890625
1599,94.62600708007812
1604,112.38300323486328
1606,103.76970672607422
1607,94.62600708007812
1608,103.77876281738281
1609,114.96659088134766
1611,94.62600708007812
1613,95.14183807373047
1616,95.08478546142578
1619,111.26478576660156
1620,94.9145278930664
1621,112.26704406738281
1622,94.62600708007812
1625,111.44847106933594
1627,114.96659088134766
1629,111.81305694580078
1634,95.08478546142578
1636,94.62600708007812
1638,103.86405944824219
1639,94.62600708007812
1641,95.07250213623047
1643,95.09317779541016
1644,103.6732177734375
1645,116.00235748291016
1646,94.62600708007812
1647,105.8413314819336
1648,95.07933807373047
1652,94.98368072509766
1653,111.84736633300781
1656,94.94380187988281
1658,94.62600708007812
1659,111.95159912109375
1661,94.86511993408203
1663,94.62600708007812
1664,111.93541717529297
1665,95.08283233642578
1666,103.88526916503906
1667,103.76314544677734
1668,80.9135513305664
1669,103.66645812988281
1670,95.0998306274414
1672,111.8005142211914
1674,113.58372497558594
1677,111.73204040527344
1678,95.07933807373047
1679,112.52831268310547
1680,95.08283233642578
1683,103.85973358154297
1686,103.85945129394531
1687,111.4793701171875
1689,111.93517303466797
1690,94.45771026611328
1691,114.46489715576172
1692,111.84346008300781
1693,94.52685546875
1695,94.62600708007812
1696,94.52685546875
1697,111.92658233642578
1700,103.88526916503906
1701,95.08478546142578
1702,111.8005142211914
1703,94.9390869140625
1704,111.99441528320312
1706,95.08478546142578
1707,112.38481903076172
1708,95.08478546142578
1710,95.07250213623047
1711,103.84024810791016
1713,104.7018051147461
1717,103.8673324584961
1719,103.87736511230469
1720,94.62600708007812
1722,95.0998306274414
1725,103.70429229736328
1726,95.08478546142578
1727,104.13935852050781
1729,111.3393783569336
1730,94.98368072509766
1731,111.53754425048828
1733,103.88526916503906
1734,95.08283233642578
1735,111.56019592285156
1738,95.14183807373047
1742,95.08283233642578
1745,113.58372497558594
1747,95.08478546142578
1749,95.09025573730469
1751,95.08478546142578
1752,80.06957244873047
1753,105.60811614990234
1754,94.62600708007812
1755,95.08283233642578
1756,104.6033935546875
1758,111.90957641601562
1759,95.08283233642578
1760,104.08998107910156
1761,111.74174499511719
1762,94.48502349853516
1763,111.21448516845703
1764,90.53628540039062
1766,95.10179138183594
1768,94.84252166748047
1769,80.13871765136719
1771,111.40052795410156
1772,94.62600708007812
1773,103.8673324584961
1774,95.10179138183594
1775,111.39163208007812
1777,112.0007553100586
1779,95.08283233642578
1780,104.62187194824219
1787,94.93363189697266
1788,94.60340881347656
1790,95.07933807373047
1796,112.28886413574219
1801,94.94380187988281
1803,95.0895004272461
1807,111.8005142211914
1809,114.0975341796875
1812,94.62600708007812
1813,112.72093200683594
1814,95.00263214111328
1815,111.34246063232422
1816,95.00263214111328
1818,94.45771026611328
1820,94.52685546875
1821,112.5217056274414
1822,95.0998306274414
1825,95.10179138183594
1826,103.83036804199219
1828,95.07250213623047
1831,103.84020233154297
1836,111.27824401855469
1837,94.62600708007812
1841,94.62600708007812
1844,104.28876495361328
1848,94.63903045654297
1851,104.35985565185547
1852,94.91866302490234
1853,95.08478546142578
1854,111.2995834350586
1856,95.07250213623047
1859,112.29471588134766
1860,95.08478546142578
1861,80.08335876464844
1863,107.51903533935547
1865,94.62600708007812
1866,104.36643981933594
1867,94.64301300048828
1868,94.93363189697266
1872,94.86511993408203
1879,95.0474624633789
1880,103.81515502929688
1882,94.84252166748047
1885,103.82276916503906
1887,103.83872985839844
1888,94.62041473388672
1890,115.88068389892578
1894,95.1363754272461
1895,103.76988220214844
1896,95.0895004272461
1897,111.75875091552734
1900,112.43949890136719
1901,94.53890991210938
1902,111.72675323486328
1905,94.62600708007812
1906,111.60151672363281
1912,103.84040832519531
1915,95.20844268798828
1916,103.91027069091797
1917,95.07250213623047
1918,103.80328369140625
1920,80.65389251708984
1923,94.6141128540039
1924,103.83870697021484
1925,95.08478546142578
1930,114.96659088134766
1932,111.52500915527344
1933,94.6141128540039
1934,111.8719482421875
1935,94.53890991210938
1940,80.13871765136719
1941,94.62055969238281
1942,114.15687561035156
1943,94.44581604003906
1944,94.52685546875
1945,112.07421112060547
1948,114.4051513671875
1949,94.45771026611328
1952,94.62600708007812
1954,94.52685546875
1955,111.55386352539062
1958,94.54385375976562
1959,80.08832550048828
1960,111.21448516845703
1963,95.10179138183594
1965,94.86511993408203
1968,103.81749725341797
1969,94.91866302490234
1971,95.10179138183594
1972,111.7740478515625
1973,94.93167877197266
1975,94.92679595947266
1977,94.86511993408203
1978,95.04423522949219
1979,111.3770523071289
1981,94.92679595947266
1982,112.55197143554688
1987,111.77641296386719
1988,94.93167877197266
1993,95.10179138183594
1997,94.60340881347656
1999,95.08478546142578
2001,95.14183807373047
2002,112.12516784667969
2003,95.08283233642578
2004,80.07853698730469
2006,111.77830505371094
2007,95.0895004272461
2009,104.13056945800781
2010,95.0998306274414
2013,95.15337371826172
2018,80.06664276123047
2022,103.72955322265625
2024,112.93638610839844
2025,94.86511993408203
2026,103.70001220703125
2030,104.6087875366211
2031,94.62600708007812
2032,103.84040832519531
2033,95.08478546142578
2035,94.52685546875
2036,113.47534942626953
2037,95.07250213623047
2040,95.1363754272461
2043,112.33063507080078
2044,112.55023193359375
2046,104.67298889160156
2054,111.16588592529297
2055,94.86511993408203
2056,104.66384887695312
2059,94.81368255615234
2060,94.53890991210938
2062,94.7659683227539
2063,111.65127563476562
2066,95.14183807373047
2067,111.4793701171875
2072,95.0895004272461
2073,111.71118927001953
2074,94.54263305664062
2075,111.94117736816406
2076,94.60340881347656
2080,94.62600708007812
2082,94.53890991210938
2085,111.57136535644531
2087,111.8813705444336
2091,111.55690002441406
2092,95.0998306274414
2093,104.66384887695312
2098,94.62600708007812
2101,111.21448516845703
2102,94.45771026611328
2103,80.13871765136719
2105,104.3789291381836
2106,95.08283233642578
2107,111.76531982421875
2110,94.86511993408203
2114,94.52685546875
2115,114.15687561035156
2117,80.08832550048828
2118,94.62713623046875
2119,103.85888671875
2120,95.07250213623047
2122,95.02617645263672
2123,112.24049377441406
2126,95.10179138183594
2127,103.86779022216797
2128,94.62600708007812
2129,115.20777893066406
2132,94.67955017089844
2135,103.84040832519531
2138,94.62600708007812
2139,115.00749969482422
2141,111.87214660644531
2142,94.84252166748047
2146,94.62600708007812
2151,112.53872680664062
2157,103.86361694335938
2159,112.30866241455078
2162,95.08283233642578
2164,114.33035278320312
2167,95.21363067626953
2168,111.32643127441406
2171,94.52685546875
2173,95.10179138183594
2174,103.74933624267578
2175,94.62600708007812
2178,95.09025573730469
2180,95.5821304321289
2185,111.76324462890625
2189,95.0895004272461
2190,111.53614807128906
2192,103.72120666503906
2194,111.72952270507812
2200,114.53092956542969
2201,95.08283233642578
2203,111.27207946777344
2204,95.08283233642578
2205,111.30380249023438
2209,110.904541015625
2213,103.89715576171875
2214,94.62600708007812
2215,111.90337371826172
2216,95.08478546142578
2218,95.05357360839844
2219,103.8636474609375
2220,95.08478546142578
2222,94.44581604003906
2223,111.95520782470703
2225,111.56720733642578
2226,95.08283233642578
2230,94.62600708007812
2233,111.51882934570312
2234,111.65052032470703
2235,95.08283233642578
2236,80.10903930664062
2237,94.60340881347656
2240,112.63158416748047
2241,94.52685546875
2248,103.74539184570312
2249,95.0998306274414
2250,112.33393096923828
2252,112.20254516601562
2253,95.0895004272461
2254,111.73228454589844
2256,81.4498519897461
2258,94.48831176757812
2259,112.54596710205078
2262,95.5821304321289
2265,95.09025573730469
2266,103.72037506103516
2269,94.62600708007812
2271,95.08478546142578
2273,95.07250213623047
2274,111.78675842285156
2275,95.08478546142578
2277,94.62600708007812
2279,95.08283233642578
2280,80.15930938720703
2282,95.5821304321289
2283,103.56719207763672
2288,94.92679595947266
2289,111.2209243774414
2291,95.07250213623047
2292,114.52338409423828
2297,95.08478546142578
2298,103.83036804199219
2299,95.0998306274414
2300,112.2357177734375
2301,94.98368072509766
2304,94.86511993408203
2305,103.90547180175781
2306,95.5821304321289
2308,94.60340881347656
2309,112.35737609863281
2311,95.2207260131836
2312,103.84416961669922
2316,103.68558502197266
2321,103.80328369140625
2322,111.35466003417969
2325,103.85214233398438
2326,94.84252166748047
2329,114.52338409423828
2330,94.62600708007812
2331,103.8226318359375
2332,111.49409484863281
2333,95.5821304321289
2334,103.64818572998047
2335,111.22679138183594
2337,111.26720428466797
2338,94.62600708007812
2340,111.49409484863281
2342,95.21363067626953
2345,94.52685546875
2349,94.68978881835938
2351,80.75617218017578
2352,95.07250213623047
2354,111.44886016845703
2355,112.07174682617188
2357,111.544677734375
2358,94.52685546875
2360,95.10179138183594
2361,111.44886016845703
2364,94.62600708007812
2366,95.10179138183594
2369,104.17808532714844
2370,94.62600708007812
2371,111.49409484863281
2373,112.30230712890625
2374,94.62600708007812
2376,111.79393005371094
2378,110.2850341796875
2382,95.08478546142578
2383,95.07250213623047
2386,103.8716049194336
2387,95.08478546142578
2389,94.61372375488281
2390,110.38260650634766
2392,94.54385375976562
2398,111.49409484863281
2399,95.08478546142578
2400,95.0895004272461
2401,111.35399627685547
2402,94.62600708007812
2404,94.44581604003906
2407,110.5766830444336
2408,111.94214630126953
2409,112.47362518310547
2412,80.17819213867188
2413,95.08283233642578
2415,94.86511993408203
2420,109.59669494628906
2422,94.86511993408203
2423,103.4697036743164
2426,95.44371032714844
2432,94.62600708007812
2434,94.98368072509766
2435,94.62600708007812
2436,111.99467468261719
2438,110.71565246582031
2440,111.29374694824219
2443,94.62600708007812
2444,94.52685546875
2447,103.72286987304688
2450,94.60340881347656
2454,94.62600708007812
2455,111.36705780029297
2459,95.5821304321289
2460,111.8869857788086
2463,94.62600708007812
2465,94.64301300048828
2468,80.22845458984375
2469,95.08283233642578
2474,94.60340881347656
2478,94.61372375488281
2480,94.45771026611328
2481,112.19622039794922
2489,95.5821304321289
2490,104.50882720947266
2492,94.53890991210938
2496,95.5821304321289
2497,112.10851287841797
2500,95.07933807373047
2505,95.5821304321289
2507,94.52685546875
2508,111.25326538085938
2509,95.07250213623047
2510,80.26876068115234
2513,94.9145278930664
2515,95.5821304321289
2518,95.07250213623047
2519,112.45775604248047
2520,95.07250213623047
2521,112.30184173583984
2523,111.25025939941406
2525,94.62600708007812
2529,111.2466812133789
2530,95.08283233642578
2533,110.66250610351562
2535,94.45771026611328
2538,103.73798370361328
2544,110.14215850830078
2553,111.72577667236328
2556,94.62600708007812
2558,94.9390869140625
2559,111.79425048828125
2560,94.62600708007812
2561,111.68465423583984
2562,95.06023406982422
2563,111.3223876953125
2564,94.97702026367188
2565,111.41268157958984
2567,103.97178649902344
2572,94.62600708007812
2575,95.08478546142578
2576,112.39449310302734
2577,94.84252166748047
2578,95.08283233642578
2579,111.69725799560547
2580,94.52685546875
2582,111.70877075195312
2583,94.98563385009766
2587,94.84252166748047
2589,111.65979766845703
2590,94.59151458740234
2591,111.20796966552734
2594,94.50545501708984
2597,94.62600708007812
2598,103.68069458007812
2599,94.86511993408203
2600,103.34236907958984
2602,111.30631256103516
2603,94.62600708007812
2604,103.78221130371094
2606,111.45514678955078
2607,80.00016784667969
2608,95.0895004272461
2613,111.21455383300781
2614,95.00263214111328
2615,112.50032043457031
2617,111.35154724121094
2620,94.98368072509766
2623,112.78156280517578
2624,94.98368072509766
2627,111.21455383300781
2629,80.00016784667969
2630,94.52685546875
2632,95.08478546142578
2636,94.52685546875
2639,94.6141128540039
2640,104.50601196289062
2642,111.20796966552734
2644,103.6885986328125
2646,111.29304504394531
2647,94.52685546875
2649,94.8122787475586
2650,103.74220275878906
2652,103.6885986328125
2653,103.3648910522461
2655,104.56868743896484
2657,111.34922790527344
2659,111.39087677001953
2662,95.07250213623047
2663,112.6792984008789
2664,95.08478546142578
2665,103.31170654296875
2670,94.86511993408203
2671,103.67682647705078
2672,94.83062744140625
2675,103.6885986328125
2677,111.405029296875
2679,112.21167755126953
2683,111.6823959350586
2684,95.00263214111328
2685,94.62600708007812
2688,103.63838958740234
2689,95.08478546142578
2690,104.8117904663086
2693,95.13673400878906
2694,111.7364730834961
2697,95.57955932617188
2699,95.07933807373047
2703,94.48831176757812
2705,103.63764190673828
2709,80.0476303100586
2710,94.62600708007812
2711,111.2427749633789
2712,96.35688781738281
2713,95.08283233642578
2714,111.50486755371094
2715,94.52685546875
2717,94.92679595947266
2718,111.70327758789062
2720,111.1902847290039
2721,94.86511993408203
2726,95.08478546142578
2728,95.08283233642578
2731,103.35856628417969
2732,111.30399322509766
2734,94.52685546875
2736,103.58052062988281
2737,94.62600708007812
2738,103.3083267211914
2739,111.91668701171875
2746,95.05357360839844
2749,103.30921173095703
2751,116.04216766357422
2752,103.71086883544922
2753,94.62600708007812
2757,103.82036590576172
2758,95.43687438964844
2759,112.90316009521484
2760,96.84868621826172
2762,111.3415756225586
2764,95.08478546142578
2765,110.16043853759766
2769,111.41417694091797
2771,111.28123474121094
2774,94.94380187988281
2776,94.92301940917969
2777,114.25032043457031
2778,94.53890991210938
2779,111.29376220703125
2782,94.44581604003906
2784,94.86511993408203
2787,94.62600708007812
2789,94.64301300048828
2792,94.62600708007812
2798,94.60340881347656
2799,103.6198501586914
2800,96.44049072265625
2801,80.1244125366211
2802,94.44581604003906
2804,94.60340881347656
2807,103.28622436523438
2808,95.03046417236328
2809,111.15823364257812
2811,114.87429809570312
2812,94.84252166748047
2814,94.92679595947266
2816,95.05683898925781
2817,111.98880767822266
2818,112.35395050048828
2820,111.39915466308594
2821,80.0476303100586
2822,95.07250213623047
2823,103.52359771728516
2824,94.86511993408203
2826,95.00263214111328
2829,94.53890991210938
2834,95.10179138183594
2835,80.06651306152344
2838,95.08283233642578
2839,111.8241958618164
2840,94.52685546875
2841,112.045654296875
2842,95.5821304321289
2846,112.18528747558594
2848,95.08478546142578
2849,94.52685546875
2850,111.50486755371094
2851,95.08283233642578
2853,95.30693054199219
2854,111.20796966552734
2858,111.79108428955078
2861,95.08478546142578
2864,94.53890991210938
2865,112.19622039794922
2866,111.34173583984375
2867,94.52685546875
2868,112.03986358642578
2870,111.18189239501953
2877,96.84868621826172
2878,111.21455383300781
2880,111.72228240966797
2882,80.00016784667969
2883,95.08478546142578
2884,103.63420867919922
2885,95.08283233642578
2887,95.5821304321289
2888,111.07247924804688
2889,95.10179138183594
2890,103.58052062988281
2891,95.2207260131836
2892,114.95427703857422
2893,94.52685546875
2898,111.87767791748047
2899,94.64301300048828
2900,111.9864273071289
2901,94.99945068359375
2909,95.08478546142578
2910,112.70907592773438
2911,111.71690368652344
2913,112.17915344238281
2914,95.2061767578125
2918,94.63764190673828
2919,111.34220886230469
2920,95.06023406982422
2921,111.21455383300781
2922,95.28529357910156
2923,103.87606811523438
2925,111.0152816772461
2926,94.52685546875
2927,111.21818542480469
2929,112.07154846191406
2933,94.54263305664062
2934,111.86880493164062
2936,111.31415557861328
2941,103.35324096679688
2942,94.62600708007812
2943,111.67303466796875
2945,103.5460205078125
2950,94.98563385009766
2951,111.21194458007812
2953,112.115234375
2954,94.62600708007812
2955,103.6626205444336
2956,95.08478546142578
2960,95.08283233642578
2962,94.60340881347656
2963,103.75601959228516
2964,103.58842468261719
2966,80.00016784667969
2967,94.98368072509766
2968,111.98748779296875
2969,94.92679595947266
2971,94.45771026611328
2972,96.0763168334961
2974,94.64301300048828
2975,111.47789764404297
2977,114.62911987304688
2980,112.5003662109375
2981,94.62600708007812
2983,95.51268005371094
2984,103.95918273925781
2985,114.52338409423828
2986,104.2768325805664
2987,96.0763168334961
2989,94.59151458740234
2990,111.19635009765625
2991,96.57769012451172
2992,80.0693130493164
2995,95.57955932617188
2996,103.25119018554688
3002,111.45601654052734
3004,111.59983825683594
3005,114.4485855102539
3006,95.08478546142578
3010,95.08478546142578
3011,103.36629486083984
3014,94.52685546875
3015,94.52685546875
3016,95.08283233642578
3017,111.52198028564453
3018,94.52685546875
3021,103.21153259277344
3024,103.58052062988281
3028,94.61372375488281
3030,94.53890991210938
3032,94.86511993408203
3039,95.0895004272461
3040,103.58326721191406
3041,95.78706359863281
3043,95.30693054199219
3044,112.28858947753906
3046,111.23324584960938
3055,94.45771026611328
3056,111.87480926513672
3058,95.08478546142578
3059,110.8557357788086
3061,114.99681854248047
3063,103.58031463623047
3066,95.0998306274414
3067,103.58052062988281
3068,80.00016784667969
3069,94.86511993408203
3072,113.51822662353516
3073,111.72010803222656
3074,95.10179138183594
3077,95.21363067626953
3082,95.08283233642578
3084,95.57955932617188
3085,111.5205078125
3088,103.58052062988281
3091,94.84252166748047
3092,111.6731948852539
3093,95.08478546142578
3094,103.35856628417969
3096,111.4036865234375
3097,94.97702026367188
3098,80.60617065429688
3102,114.87429809570312
3106,95.06023406982422
3109,94.44581604003906
3111,94.56935119628906
3112,114.4485855102539
3113,94.86511993408203
3115,95.0895004272461
3116,111.207275390625
3117,95.09025573730469
3121,111.72985076904297
3122,95.00067901611328
3123,95.07933807373047
3124,104.27604675292969
3125,95.08829498291016
3126,103.24190521240234
3127,114.37537384033203
3129,94.98368072509766
3130,111.72835540771484
3132,103.82416534423828
3134,104.0287094116211
3135,95.66084289550781
3137,80.02102661132812
3138,96.91715240478516
3140,94.77366638183594
3144,112.1922378540039
3145,95.10179138183594
3146,112.75819396972656
3147,95.27317810058594
3148,103.6025161743164
3149,103.5832748413086
3150,111.69564819335938
3151,94.44581604003906
3152,95.0998306274414
3155,94.68978881835938
3156,111.51211547851562
3159,94.92679595947266
3161,95.08478546142578
3162,104.17337799072266
3163,96.33729553222656
3165,103.25952911376953
3172,95.02617645263672
3173,111.86325073242188
3176,95.13611602783203
3177,103.57212829589844
3179,111.47789764404297
3183,94.54385375976562
3186,95.07250213623047
3187,103.2196044921875
3189,111.32042694091797
3190,94.52685546875
3192,114.37537384033203
3193,95.02617645263672
3194,111.168212890625
3197,95.08283233642578
3198,94.62600708007812
3200,95.08283233642578
3201,114.44928741455078
3202,94.62600708007812
3204,95.5821304321289
3205,95.07054901123047
3206,112.21085357666016
3208,103.57212829589844
3210,103.27326202392578
3211,94.64301300048828
3212,115.164306640625
3213,94.9109115600586
3214,111.07258605957031
3216,103.58052062988281
3219,94.98368072509766
3220,110.75811004638672
3221,94.86511993408203
3226,104.580322265625
3227,95.10179138183594
3228,112.1196060180664
3229,94.54385375976562
3232,80.0693130493164
3233,95.08478546142578
3234,94.86511993408203
3236,94.62600708007812
3238,111.41343688964844
3239,111.32390594482422
3240,94.52685546875
3247,111.60671997070312
3249,103.55323791503906
3252,115.96202850341797
3253,94.62600708007812
3254,103.3749771118164
3255,94.62600708007812
3256,111.88310241699219
3257,94.52685546875
3262,94.62600708007812
3263,103.58842468261719
3264,95.08478546142578
3266,112.19241333007812
3267,94.85322570800781
3269,94.64301300048828
3272,114.52338409423828
3274,95.08283233642578
3275,105.50680541992188
3277,94.62600708007812
3279,95.08478546142578
3280,104.16354370117188
3283,95.10179138183594
3285,95.5821304321289
3287,94.62600708007812
3288,103.58052062988281
3290,103.93437194824219
3291,94.60340881347656
3298,111.67902374267578
3299,94.62600708007812
3302,111.40231323242188
3303,95.0895004272461
3304,103.92642211914062
3307,95.07054901123047
3309,94.44581604003906
3314,80.61872100830078
3316,112.33607482910156
3317,95.08478546142578
3319,95.07054901123047
3320,111.42562103271484
3321,95.08478546142578
3322,103.64008331298828
3324,94.52685546875
3326,94.80873107910156
3329,111.15699768066406
3330,94.93130493164062
3331,111.23277282714844
3335,114.99681854248047
3337,95.08283233642578
3338,103.86024475097656
3339,95.0998306274414
3340,111.32685089111328
3341,94.53890991210938
3343,95.1282730102539
3346,94.52685546875
3348,95.07250213623047
3351,103.58052062988281
3352,114.56775665283203
3355,94.9390869140625
3356,112.71219635009766
3358,103.94795989990234
3359,94.91866302490234
3360,111.64190673828125
3371,111.89675903320312
3372,94.86511993408203
3374,95.08283233642578
3377,111.73505401611328
3378,94.45771026611328
3380,103.57048797607422
3382,95.08478546142578
3386,94.62600708007812
3389,113.35772705078125
3391,103.8897933959961
3393,94.83062744140625
3394,103.59225463867188
3395,95.07250213623047
3397,111.23956298828125
3398,95.16202545166016
3399,80.0831069946289
3400,95.07250213623047
3404,103.54340362548828
3407,111.621337890625
3409,104.30546569824219
3419,94.62600708007812
3421,94.81437683105469
3425,94.64301300048828
3427,80.10038757324219
3428,114.52338409423828
3429,111.61524200439453
3431,94.54385375976562
3435,94.60340881347656
3436,112.0465316772461
3439,95.08283233642578
3441,95.00067901611328
3442,114.52338409423828
3443,94.62600708007812
3444,103.30921173095703
3445,94.62600708007812
3446,110.51580047607422
3449,94.53890991210938
3453,94.62600708007812
3457,94.86511993408203
3460,103.58052062988281
3461,94.86511993408203
3462,94.52685546875
3464,103.58031463623047
3465,80.00016784667969
3466,95.07250213623047
3467,103.56437683105469
3468,95.08478546142578
3469,103.37915802001953
3470,103.27197265625
3472,111.23297882080078
3473,94.98368072509766
3475,94.62600708007812
3476,111.68706512451172
3478,104.15160369873047
3479,94.6018295288086
3483,94.60340881347656
3484,103.55586242675781
3485,95.10179138183594
3487,94.62600708007812
3488,111.63495635986328
3496,113.06990814208984
3497,94.62600708007812
3499,95.60771179199219
3500,79.99154663085938
3501,95.08478546142578
3504,95.06023406982422
3508,104.36676025390625
3511,94.60292053222656
3512,111.63188171386719
3515,94.45771026611328
3517,94.62600708007812
3518,103.33329772949219
3526,111.81590270996094
3528,112.73003387451172
3529,94.52685546875
3530,112.09797668457031
3531,94.52685546875
3532,111.20082092285156
3533,94.54385375976562
3534,94.86511993408203
3535,79.94977569580078
3536,95.10179138183594
3537,111.68787384033203
3538,94.60340881347656
3539,112.0882568359375
3540,103.6040267944336
3545,111.69364929199219
3546,94.9145278930664
3550,103.5460205078125
3551,94.86511993408203
3553,95.77918243408203
3554,103.58052062988281
3557,94.60340881347656
3558,111.43688201904297
3559,94.53890991210938
3561,94.84252166748047
3562,111.23956298828125
3563,95.10179138183594
3564,103.58052062988281
3565,94.62600708007812
3567,94.52685546875
3571,103.58052062988281
3572,95.076171875
3574,95.08478546142578
3576,94.62600708007812
3577,111.61268615722656
3578,95.08478546142578
3579,94.62600708007812
3583,94.62600708007812
3585,95.08478546142578
3586,103.59225463867188
3587,112.21614074707031
3593,94.86511993408203
3594,116.97628784179688
3595,95.0895004272461
3599,94.60340881347656
3600,103.39029693603516
3601,111.23297882080078
3602,94.53890991210938
3604,94.88804626464844
3609,114.7735595703125
3610,111.71177673339844
3612,111.61280822753906
3614,112.11341857910156
3615,94.84252166748047
3617,95.08478546142578
3618,111.49894714355469
3619,111.79064178466797
3620,111.67902374267578
3621,94.86511993408203
3625,94.59151458740234
3626,103.2870101928711
3630,103.28426361083984
3631,94.62600708007812
3632,103.86034393310547
3633,95.06023406982422
3634,111.30197143554688
3637,94.62600708007812
3639,95.00263214111328
3640,112.18268585205078
3641,94.62600708007812
3644,112.71987915039062
3645,94.60340881347656
3646,94.52685546875
3647,94.63903045654297
3648,111.428466796875
3653,111.71353149414062
3654,95.0895004272461
3655,112.1465072631836
3659,103.2171630859375
3660,95.08283233642578
3662,112.22261047363281
3666,94.60340881347656
3668,94.59151458740234
3671,94.98368072509766
3673,94.52685546875
3674,111.53636932373047
3675,94.52685546875
3681,95.61685180664062
3682,111.71353149414062
3686,111.07258605957031
3687,94.52685546875
3692,80.01136779785156
3695,111.41944885253906
3696,95.13734436035156
3699,111.21455383300781
3705,112.41493225097656
3707,80.0693130493164
3708,95.08478546142578
3709,111.72211456298828
3710,94.84252166748047
3712,95.09317779541016
3715,111.71353149414062
3716,94.62600708007812
3720,112.99612426757812
3722,80.0693130493164
3726,95.07250213623047
3728,94.98368072509766
3729,111.76636505126953
3731,103.17422485351562
3735,111.21435546875
3736,94.98563385009766
3739,103.1983413696289
3741,111.621337890625
3743,103.57763671875
3744,95.08478546142578
3745,111.77757263183594
3746,94.62600708007812
3751,94.52685546875
3753,94.83062744140625
3760,111.92982482910156
3761,94.52685546875
3762,111.5341796875
3763,94.52685546875
3765,94.54385375976562
3768,112.86238861083984
3769,94.62600708007812
3770,103.61117553710938
3773,111.17945861816406
3774,95.08478546142578
3776,95.10575866699219
3778,94.52685546875
3779,111.76687622070312
3780,95.07072448730469
3781,112.21842193603516
3782,95.10179138183594
3783,111.21818542480469
3784,95.08283233642578
3786,95.07250213623047
3789,113.04202270507812
3790,94.70207214355469
3793,112.06614685058594
3795,111.74008178710938
3797,95.08283233642578
3798,114.52338409423828
3800,112.0465316772461
3804,95.08478546142578
3810,95.08283233642578
3815,111.83486938476562
3816,95.08478546142578
3818,103.1695785522461
3824,111.23297882080078
3828,103.24087524414062
3830,111.6935043334961
3831,95.08478546142578
3832,79.99154663085938
3834,111.72010803222656
3835,95.06023406982422
3836,111.7561264038086
3838,95.1593017578125
3839,114.95427703857422
3840,116.60254669189453
3845,94.54385375976562
3846,111.30646514892578
3847,94.62600708007812
3849,80.59754943847656
3853,111.17042541503906
3855,104.22138214111328
3856,95.0990982055664
3864,80.0606918334961
3865,95.07250213623047
3866,116.2507095336914
3867,94.48831176757812
3868,112.0465316772461
3869,94.86511993408203
3871,94.62600708007812
3875,103.5857925415039
3876,94.98368072509766
3878,94.85283660888672
3879,111.71060180664062
3881,112.0465316772461
3883,112.53956604003906
3884,94.44581604003906
3886,111.20223999023438
3890,95.08478546142578
3893,111.91510009765625
3897,104.1337661743164
3901,95.00067901611328
3902,111.13408660888672
3913,112.05381774902344
3914,95.06023406982422
3916,94.98368072509766
3917,111.82829284667969
3924,104.12779235839844
3925,94.64301300048828
3928,96.33729553222656
3929,111.69645690917969
3932,94.88211822509766
3933,103.58052062988281
3934,80.21759033203125
3935,94.53890991210938
3936,95.08283233642578
3937,111.10308837890625
3938,94.45771026611328
3939,111.7561264038086
3943,94.60340881347656
3944,111.23297882080078
3945,111.83486938476562
3946,94.86624908447266
3947,111.43366241455078
3948,94.52685546875
3949,111.41343688964844
3950,94.86511993408203
3951,111.88867950439453
3952,94.52685546875
3953,111.82767486572266
3961,114.96231079101562
3962,94.52685546875
3966,94.86511993408203
3967,103.59225463867188
3968,95.08478546142578
3969,111.350341796875
3970,95.08478546142578
3971,104.08921813964844
3973,94.62600708007812
3974,111.92778778076172
3975,111.36902618408203
3977,108.93684387207031
3979,111.86082458496094
3985,94.62600708007812
3986,103.53822326660156
3988,111.11488342285156
3991,94.62600708007812
3992,103.11315155029297
3993,95.10179138183594
3994,95.07250213623047
3995,111.87276458740234
4005,111.86909484863281
4007,94.62600708007812
4008,103.93775939941406
4009,95.08478546142578
4010,120.22223663330078
4011,79.97124481201172
4012,94.62600708007812
4013,104.19009399414062
4015,111.06404876708984
4016,110.87384796142578
4018,111.26514434814453
4025,95.08283233642578
4026,111.25924682617188
4028,112.9284439086914
4029,95.08478546142578
4031,94.98368072509766
4032,111.82829284667969
4033,95.10179138183594
4034,103.57048797607422
4037,94.69552612304688
4038,103.16360473632812
4039,94.62600708007812
4041,94.86511993408203
4042,111.09364318847656
4043,95.08478546142578
4044,103.58052062988281
4045,94.87814331054688
4046,111.22114562988281
4047,95.0895004272461
4048,103.91828155517578
4049,96.13092803955078
4051,94.52685546875
4052,111.47486877441406
4058,103.58052062988281
4062,112.76554107666016
4064,111.1487808227539
4067,94.62600708007812
4068,80.21617126464844
4070,94.52685546875
4072,115.69430541992188
4074,112.17871856689453
4075,96.14669036865234
4076,112.70291137695312
4077,95.08283233642578
4078,111.29346466064453
4080,103.58052062988281
4082,111.16050720214844
4085,94.62600708007812
4086,111.56378173828125
4088,111.25924682617188
4089,94.86511993408203
4092,79.9524917602539
4094,94.48831176757812
4095,111.40455627441406
4096,94.86624908447266
4097,103.57763671875
4102,95.30693054199219
4105,127.05767059326172
4107,111.04843139648438
4111,94.62600708007812
4112,103.72200775146484
4113,95.07250213623047
4114,113.92778015136719
4115,95.07250213623047
4116,111.68898010253906
4117,94.62055969238281
4118,94.86511993408203
4119,111.77418518066406
4120,94.45771026611328
4122,80.28584289550781
4125,95.06023406982422
4126,111.69182586669922
4129,111.71353149414062
4134,111.74768829345703
4137,94.86511993408203
4141,103.56402587890625
4142,95.08478546142578
4144,95.1363754272461
4145,104.12779235839844
4146,95.1363754272461
4150,94.62600708007812
4151,79.92295837402344
4154,94.62600708007812
4156,94.52685546875
4157,111.00306701660156
4159,110.87384796142578
4160,94.52685546875
4161,111.76687622070312
4168,95.08478546142578
4171,103.52627563476562
4172,103.91169738769531
4173,95.08478546142578
4175,94.61372375488281
4176,103.58052062988281
4177,95.1363754272461
4178,103.04676055908203
4179,94.62600708007812
4181,113.72235870361328
4183,95.08478546142578
4184,112.56788635253906
4185,95.07054901123047
4186,111.70223236083984
4188,113.87895202636719
4190,111.1728744506836
4192,94.52685546875
4193,111.80394744873047
4194,111.22693634033203
4195,94.83062744140625
4196,79.9524917602539
4202,95.08478546142578
4203,103.5654067993164
4208,95.06023406982422
4209,112.93217468261719
4210,94.48831176757812
4211,111.03639221191406
4212,114.96312713623047
4214,103.64202117919922
4215,94.62600708007812
4216,112.9205322265625
4217,94.45771026611328
4219,95.07250213623047
4222,111.10308837890625
4224,79.96627807617188
4231,103.64202117919922
4232,95.08478546142578
4234,94.48831176757812
4236,95.1363754272461
4237,103.58052062988281
4240,94.86511993408203
4242,103.95441436767578
4243,95.07250213623047
4247,95.06023406982422
4248,111.40995788574219
4249,94.51496124267578
4254,103.16393280029297
4263,94.86511993408203
4265,111.46906280517578
4267,112.45523071289062
4268,111.75894927978516
4271,111.83451843261719
4272,94.62600708007812
4273,112.1682357788086
4274,95.08478546142578
4276,94.62600708007812
4278,95.08283233642578
4280,95.08478546142578
4281,111.8520278930664
4283,94.62600708007812
4284,111.66177368164062
4285,95.10179138183594
4286,111.68498992919922
4287,94.52685546875
4288,112.47295379638672
4289,94.48831176757812
4290,80.02163696289062
4293,94.52685546875
4296,113.27476501464844
4297,95.05715942382812
4299,94.53890991210938
4303,112.30415344238281
4310,95.08478546142578
4312,103.57048797607422
4318,103.58052062988281
4320,112.08856201171875
4322,94.62713623046875
4323,113.41338348388672
4325,110.43974304199219
4326,111.72010803222656
4328,103.57537078857422
4330,103.58242797851562
4332,111.63760375976562
4333,94.86511993408203
4335,94.59151458740234
4336,112.00907135009766
4338,104.19009399414062
4341,94.62600708007812
4342,106.76326751708984
4344,103.57110595703125
4347,95.08283233642578
4348,103.58052062988281
4351,104.37255859375
4352,94.62600708007812
4353,112.1011962890625
4355,103.17855834960938
4356,94.62600708007812
4359,103.18773651123047
4360,95.08478546142578
4361,94.62600708007812
4364,94.84252166748047
4365,103.20235443115234
4368,95.16085052490234
4372,95.07933807373047
4374,94.52685546875
4376,95.06023406982422
4377,103.60110473632812
4380,95.08478546142578
4383,103.66092681884766
4384,95.08283233642578
4385,103.12479400634766
4389,94.8499984741211
4391,94.84252166748047
4392,111.20223999023438
4393,94.98368072509766
4395,94.60340881347656
4396,111.5946044921875
4398,112.83171081542969
4399,102.37261199951172
4401,95.07250213623047
4406,94.83062744140625
4408,103.57048797607422
4412,103.58052062988281
4415,94.64301300048828
4418,111.93501281738281
4419,94.52685546875
4420,79.9524917602539
4422,111.23297882080078
4423,94.52685546875
4425,95.10179138183594
4428,113.06037139892578
4431,111.49275207519531
4434,94.53890991210938
4436,94.86511993408203
4437,111.56486511230469
4439,114.95427703857422
4440,94.60340881347656
4441,111.69430541992188
4444,95.08478546142578
4445,103.64202117919922
4446,94.86511993408203
4447,111.98628997802734
4452,103.59225463867188
4456,111.83451843261719
4457,94.62600708007812
4458,111.16545104980469
4460,94.62600708007812
4461,114.95427703857422
4462,94.52685546875
4465,103.00482940673828
4466,103.5568618774414
4468,95.16202545166016
4469,103.60340118408203
4472,113.5570068359375
4475,94.62600708007812
4478,95.08283233642578
4479,113.3687515258789
4480,94.86511993408203
4483,79.97124481201172
4484,94.62600708007812
4485,103.58242797851562
4486,95.10771179199219
4488,94.62600708007812
4489,103.55956268310547
4490,95.08478546142578
4491,109.8718490600586
4492,95.08283233642578
4493,103.77645874023438
4494,94.60340881347656
4495,105.00557708740234
4498,79.97335052490234
4499,95.1383285522461
4500,103.07149505615234
4503,112.52040100097656
4505,103.00482940673828
4506,95.0998306274414
4507,95.10179138183594
4508,103.58052062988281
4510,111.72010803222656
4511,94.9145278930664
4513,95.10575866699219
4516,81.27912902832031
4519,95.05715942382812
4521,95.08283233642578
4531,94.60340881347656
4532,79.9524917602539
4533,95.12504577636719
4534,112.20026397705078
4536,103.57110595703125
4537,94.62600708007812
4539,95.08478546142578
4542,102.96739959716797
4545,94.52685546875
4549,94.52685546875
4551,94.62600708007812
4554,103.53587341308594
4556,111.3017807006836
4559,112.08716583251953
4561,111.8505630493164
4562,111.13909912109375
4566,111.35960388183594
4569,94.60340881347656
4570,111.5946044921875
4573,94.86511993408203
4574,103.06744384765625
4575,94.76194763183594
4577,94.86511993408203
4578,111.12140655517578
4580,111.15038299560547
4582,94.53890991210938
4583,111.23297882080078
4585,95.0895004272461
4587,103.57110595703125
4595,94.474853515625
4596,111.84913635253906
4601,95.08283233642578
4602,112.69056701660156
4603,95.07933807373047
4605,111.83464050292969
4606,94.98368072509766
4607,113.07890319824219
4608,94.62600708007812
4610,95.07250213623047
4613,103.59225463867188
4617,94.52685546875
4618,111.09901428222656
4619,94.52685546875
4620,95.08283233642578
4622,103.09203338623047
4625,94.62600708007812
4626,103.57110595703125
4627,95.08478546142578
4629,94.52685546875
4631,95.07250213623047
4633,103.57110595703125
4634,113.40808868408203
4635,94.66919708251953
4639,94.62600708007812
4640,104.46905517578125
4642,103.54340362548828
4644,112.05552673339844
4646,103.57110595703125
4647,95.0895004272461
4648,80.06095123291016
4649,94.60340881347656
4650,111.79585266113281
4655,94.52685546875
4660,94.62600708007812
4661,112.75592803955078
4662,94.48831176757812
4663,111.83457946777344
4665,95.08283233642578
4666,111.63200378417969
4667,103.57048797607422
4668,95.07250213623047
4670,94.52685546875
4671,111.2874755859375
4672,94.83062744140625
4673,103.57048797607422
4675,103.56780242919922
4676,95.131103515625
4677,111.37822723388672
4680,95.08478546142578
4682,94.86511993408203
4683,111.15292358398438
4685,103.58052062988281
4686,95.08283233642578
4688,111.1982192993164
4690,115.67169952392578
4692,111.15215301513672
4693,94.52685546875
4697,94.52685546875
4700,111.13577270507812
4702,111.12943267822266
4707,114.95427703857422
4708,94.62600708007812
4710,81.48988342285156
4716,102.34186553955078
4717,95.08478546142578
4718,94.60340881347656
4720,95.08478546142578
4721,80.27794647216797
4723,94.62600708007812
4726,111.83486938476562
4727,94.92679595947266
4729,94.60340881347656
4731,94.60340881347656
4732,111.13602447509766
4735,94.6141128540039
4736,108.78765869140625
4737,95.07933807373047
4738,112.46826171875
4739,111.0658950805664
4744,103.50740051269531
4747,94.60340881347656
4749,112.13153839111328
4750,94.62600708007812
4752,111.23297882080078
4755,95.08478546142578
4756,103.58326721191406
4757,111.83821105957031
4758,95.07250213623047
4759,103.09537506103516
4763,95.08478546142578
4764,103.02201080322266
4765,94.61372375488281
4766,94.98368072509766
4767,111.36351013183594
4769,111.62451934814453
4770,95.08478546142578
4771,79.92537689208984
4772,103.57110595703125
4774,111.23416900634766
4776,113.53825378417969
4777,111.27835083007812
4778,94.86511993408203
4780,94.52685546875
4784,94.52685546875
4786,95.2623291015625
4787,79.9524917602539
4788,95.08478546142578
4789,111.23297882080078
4791,103.1503677368164
4792,94.62041473388672
4795,111.73428344726562
4796,94.45771026611328
4803,94.52685546875
4805,95.08478546142578
4807,94.86511993408203
4809,94.52685546875
4816,94.84252166748047
4817,80.23048400878906
4818,94.9145278930664
4820,94.62600708007812
4821,103.14505767822266
4823,111.83486938476562
4824,95.00263214111328
4825,112.08528137207031
4829,103.0169448852539
4830,95.08478546142578
4831,112.56011199951172
4833,103.4853515625
4836,95.09585571289062
4837,111.1982192993164
4838,94.52685546875
4840,94.94380187988281
4841,81.24303436279297
4842,94.48030853271484
4843,112.0003890991211
4844,94.52685546875
4849,104.2836685180664
4851,103.84039306640625
4852,94.62041473388672
4858,94.52685546875
4860,95.08478546142578
4863,111.80565643310547
4864,94.86511993408203
4865,111.62348937988281
4867,112.34520721435547
4868,95.00263214111328
4869,111.69364929199219
4873,94.52685546875
4875,95.10179138183594
4876,111.76747131347656
4877,94.62600708007812
4878,111.01620483398438
4880,80.21617126464844
4886,111.88179016113281
4888,103.51934814453125
4889,95.07250213623047
4890,111.44437408447266
4893,95.08283233642578
4895,95.08478546142578
4896,103.57110595703125
4899,94.48831176757812
4901,94.6141128540039
4902,111.68987274169922
4903,95.08283233642578
4904,111.23297882080078
4910,94.45771026611328
4912,94.52685546875
4915,95.08478546142578
4916,103.74838256835938
4917,94.62600708007812
4920,103.57110595703125
4927,103.53800201416016
4928,94.62600708007812
4931,103.5516128540039
4934,94.52685546875
4936,94.88211822509766
4939,112.25969696044922
4942,111.3593978881836
4943,95.08478546142578
4944,103.10624694824219
4945,94.62600708007812
4947,111.01620483398438
4948,94.78296661376953
4951,94.86511993408203
4952,111.23297882080078
4953,94.48831176757812
4956,95.08283233642578
4957,111.42691802978516
4958,94.59151458740234
4960,94.83062744140625
4968,94.61372375488281
4969,103.55673217773438
4971,103.64476776123047
4973,111.23321533203125
4975,112.92633819580078
4976,94.84252166748047
4978,94.52685546875
4979,111.17913818359375
4982,94.52685546875
4983,111.97705078125
4984,94.68978881835938
4985,114.95427703857422
4986,95.01951599121094
4987,113.70576477050781
4988,95.08478546142578
4994,95.08283233642578
4995,95.08478546142578
5002,80.20828247070312
5004,94.60340881347656
5005,103.52169799804688
5006,95.12971496582031
5007,103.40562438964844
5009,111.63079071044922
5011,111.23321533203125
5014,94.62600708007812
5015,103.60094451904297
5018,94.52685546875
5019,111.73428344726562
5020,94.97702026367188
5021,111.94248962402344
5022,94.60340881347656
5023,94.98563385009766
5025,95.08478546142578
5032,95.00263214111328
5034,94.45771026611328
5036,94.91755676269531
5038,94.52685546875
5039,111.64073181152344
5046,95.08478546142578
5049,111.73428344726562
5051,95.07250213623047
5052,94.52685546875
5053,111.23416900634766
5054,95.08478546142578
5055,95.07250213623047
5057,94.62600708007812
5059,94.62600708007812
5062,95.1383285522461
5063,111.88917541503906
5065,111.38069152832031
5069,94.62600708007812
5071,95.08283233642578
5074,111.74015808105469
5075,94.52685546875
5076,111.19609832763672
5077,79.97406768798828
5079,103.60094451904297
5080,95.08478546142578
5081,111.2336196899414
5083,103.56143951416016
5088,103.21854400634766
5089,95.08283233642578
5093,111.93000793457031
5094,103.62226867675781
5095,95.0998306274414
5099,111.32576751708984
5101,112.30950164794922
5103,103.4293212890625
5104,94.62600708007812
5105,111.7596206665039
5107,94.52685546875
5108,112.08488464355469
5109,94.62600708007812
5111,95.00067901611328
5112,111.01620483398438
5113,94.64301300048828
5114,112.34681701660156
5115,94.52685546875
5118,95.08478546142578
5122,95.08478546142578
5123,79.9524917602539
5125,94.86511993408203
5127,103.44393920898438
5128,94.62600708007812
5129,114.20637512207031
5132,95.12971496582031
5134,111.98760986328125
5135,94.86511993408203
5137,111.71841430664062
5142,95.07054901123047
5143,103.58618927001953
5144,94.94380187988281
5148,94.52685546875
5149,94.62041473388672
5150,104.12120819091797
5154,79.9524917602539
5155,95.07310485839844
5159,94.60292053222656
5164,95.08478546142578
5165,111.88309478759766
5166,94.52685546875
5167,111.68468475341797
5169,94.45771026611328
5171,94.9145278930664
5172,111.7873764038086
5176,94.62600708007812
5184,111.220947265625
5185,94.83062744140625
5186,111.46713256835938
5188,104.24087524414062
5189,110.8689956665039
5190,95.45159149169922
5191,111.88309478759766
5193,111.71353149414062
5196,95.07250213623047
5199,79.91241455078125
5200,103.49798583984375
5203,94.52685546875
5204,111.13408660888672
5205,95.21007537841797
5207,94.62600708007812
5208,109.9333267211914
5212,95.08283233642578
5214,94.64301300048828
5218,94.52685546875
5220,94.62713623046875
5222,94.98368072509766
5224,95.0895004272461
5225,103.57110595703125
5227,111.62667846679688
5229,103.57464599609375
5232,94.9145278930664
5233,114.81903839111328
5234,103.79329681396484
5237,111.5946044921875
5239,111.73676300048828
5240,94.94380187988281
5241,111.73428344726562
5244,94.52685546875
5248,111.35261535644531
5251,94.52685546875
5253,94.62600708007812
5255,95.0998306274414
5256,103.14239501953125
5257,94.62600708007812
5259,95.10179138183594
5260,111.6549301147461
5266,94.60340881347656
5268,95.08283233642578
5275,111.22476959228516
5276,111.25484466552734
5277,94.74213409423828
5279,94.64301300048828
5280,103.57464599609375
5281,95.07250213623047
5283,94.66765594482422
5284,80.02163696289062
5285,95.08478546142578
5286,103.59182739257812
5287,94.62600708007812
5289,95.09585571289062
5290,111.71353149414062
5292,103.54698181152344
5293,95.08478546142578
5294,103.52018737792969
5297,94.52685546875
5299,111.7507095336914
5302,94.86511993408203
5305,79.902099609375
5306,95.09317779541016
5308,94.87814331054688
5309,95.00263214111328
5310,111.76979064941406
5312,112.19479370117188
5316,111.3656234741211
5317,95.07250213623047
5319,79.9524917602539
5320,95.08478546142578
5323,94.64301300048828
5329,112.18699645996094
5331,111.01620483398438
5334,111.20608520507812
5336,111.71353149414062
5338,103.57313537597656
5341,94.6141128540039
5345,95.71961975097656
5348,95.08283233642578
5349,112.63841247558594
5355,103.94425964355469
5356,94.68148040771484
5360,103.58197021484375
5362,112.0270767211914
5364,111.82976531982422
5366,104.58267211914062
5367,94.59151458740234
5368,94.62600708007812
5370,94.83062744140625
5371,79.9524917602539
5373,103.64051055908203
5375,111.5946044921875
5376,94.52685546875
5378,111.14546966552734
5379,95.10179138183594
5383,94.62600708007812
5384,103.09999084472656
5389,111.47328186035156
5391,81.35150146484375
5393,111.55923461914062
5395,111.45977783203125
5397,111.6660385131836
5398,94.60340881347656
5399,111.76239776611328
5401,115.217529296875
5402,94.62600708007812
5403,111.71978759765625
5404,94.61372375488281
5407,79.84063720703125
5408,95.07250213623047
5413,111.85958862304688
5414,94.62600708007812
5417,95.07250213623047
5418,103.54698181152344
5420,112.11172485351562
5421,94.44581604003906
5424,94.62600708007812
5425,111.14431762695312
5426,94.84777069091797
5429,111.771240234375
5431,95.10179138183594
5437,102.9917221069336
5440,94.56935119628906
5444,105.35155487060547
5446,103.6301498413086
5447,94.62600708007812
5451,95.01670837402344
5452,112.0254898071289
5455,103.77442169189453
5456,94.62600708007812
5458,94.54385375976562
5459,112.13273620605469
5460,95.08283233642578
5462,95.08478546142578
5463,111.07139587402344
5464,94.45771026611328
5465,113.13531494140625
5466,95.08829498291016
5467,103.52452850341797
5468,94.86511993408203
5469,111.83457946777344
5472,95.00688934326172
5474,94.54385375976562
5475,111.10054016113281
5476,95.08478546142578
5479,103.57464599609375
5480,111.47486877441406
5482,113.31729125976562
5485,94.86511993408203
5486,115.217529296875
5488,80.13009643554688
5495,103.55577087402344
5496,95.10179138183594
5497,113.07649230957031
5499,113.26226806640625
5503,94.54385375976562
5504,94.62600708007812
5507,95.08478546142578
5509,95.2207260131836
5511,94.98368072509766
5512,112.23637390136719
5516,111.428466796875
5517,95.08478546142578
5518,103.56143951416016
5521,94.62600708007812
5522,103.58567810058594
5527,95.08283233642578
5528,95.08283233642578
5529,110.81619262695312
5532,94.66602325439453
5533,113.6465835571289
5535,105.04512786865234
5536,102.2052001953125
5540,95.19617462158203
5547,94.62600708007812
5548,112.37653350830078
5550,79.732177734375
5551,94.62600708007812
5554,111.68601989746094
5555,94.84252166748047
5559,111.04508209228516
5560,94.94380187988281
5561,111.78258514404297
5562,94.52685546875
5563,111.90599060058594
5565,79.79666137695312
5566,94.62600708007812
5567,103.50973510742188
5568,95.08478546142578
5572,95.08478546142578
5574,95.08478546142578
5576,94.62600708007812
5579,111.34354400634766
5580,79.66009521484375
5581,95.08283233642578
5583,94.52685546875
5584,111.63414764404297
5586,111.66255950927734
5587,94.46597290039062
5589,102.97913360595703
5591,102.74736785888672
5592,94.62600708007812
5593,111.52833557128906
5594,95.08478546142578
5595,79.77684020996094
5596,111.41908264160156
5597,112.45372772216797
5598,114.48251342773438
5599,94.62600708007812
5602,111.85271453857422
5603,95.08478546142578
5605,94.62600708007812
5607,94.48831176757812
5608,111.41534423828125
5609,94.84252166748047
5610,95.06023406982422
5612,95.03046417236328
5613,110.8689956665039
5614,94.52685546875
5616,94.62600708007812
5621,95.07250213623047
5623,94.86511993408203
5628,113.1802978515625
5629,94.62600708007812
5631,95.08478546142578
5633,94.64301300048828
5638,103.56143951416016
5639,95.08283233642578
5640,104.11376953125
5645,94.68148040771484
5646,79.99586486816406
5649,95.10231018066406
5653,111.58079528808594
5655,113.99787902832031
5656,94.86511993408203
5658,94.62600708007812
5662,115.09835815429688
5663,94.98368072509766
5667,95.08478546142578
5670,94.62600708007812
5671,102.97913360595703
5672,95.08283233642578
5673,103.1091079711914
5674,94.62600708007812
5675,102.75375366210938
5676,94.67955017089844
5679,111.87378692626953
5683,114.41312408447266
5687,95.16202545166016
5688,79.732177734375
5690,96.14923858642578
5691,111.68706512451172
5692,94.98368072509766
5693,112.58522033691406
5694,95.08478546142578
5697,111.53976440429688
5698,94.52685546875
5699,111.93347930908203
5704,94.62600708007812
5707,111.87378692626953
5709,103.5570068359375
5710,94.64301300048828
5714,94.62600708007812
5718,95.08283233642578
5721,96.27696990966797
5723,94.52685546875
5724,111.38069152832031
5725,94.62600708007812
5726,111.11573791503906
5729,95.08478546142578
5730,103.53436279296875
5731,94.62600708007812
5733,79.71049499511719
5736,94.84252166748047
5741,102.85011291503906
5745,112.3135757446289
5747,95.08478546142578
5748,103.1921615600586
5750,111.43565368652344
5751,94.62600708007812
5752,94.62600708007812
5754,94.62600708007812
5755,95.08283233642578
5757,95.08283233642578
5758,114.95851135253906
5760,102.7972640991211
5762,102.79856872558594
5766,111.10317993164062
5768,95.08478546142578
5769,114.77555847167969
5770,94.62600708007812
5771,112.27787780761719
5772,94.98368072509766
5773,111.73930358886719
5774,96.13092803955078
5776,94.9145278930664
5777,111.94428253173828
5778,94.62600708007812
5780,111.64073181152344
5782,94.62600708007812
5783,80.31649780273438
5784,95.08478546142578
5786,95.0998306274414
5788,95.08478546142578
5789,112.120849609375
5790,94.62600708007812
5791,103.55577087402344
5793,104.05226135253906
5794,94.62600708007812
5796,114.95594024658203
5797,94.62600708007812
5801,94.63903045654297
5803,95.08283233642578
5804,112.04730987548828
5805,95.01670837402344
5806,79.99586486816406
5808,111.72137451171875
5813,94.62600708007812
5815,95.0895004272461
5816,103.32121276855469
5822,94.92679595947266
5823,111.49095916748047
5825,103.59359741210938
5827,112.2764663696289
5829,102.76656341552734
5830,95.08283233642578
5831,112.04096221923828
5832,94.52685546875
5833,111.72137451171875
5837,113.1802978515625
5838,94.84252166748047
5839,95.08478546142578
5842,104.11376953125
5844,111.5910873413086
5845,103.65776062011719
5846,111.9073715209961
5848,79.732177734375
5850,112.17265319824219
5851,94.98368072509766
5853,95.08478546142578
5854,103.54219055175781
5858,104.11376953125
5860,111.6690902709961
5864,102.86056518554688
5866,95.08478546142578
5867,111.83906555175781
5868,94.84252166748047
5869,111.83749389648438
5870,94.52685546875
5871,112.27790832519531
5874,111.84837341308594
5876,111.65425872802734
5877,94.92484283447266
5878,94.52685546875
5879,111.6995620727539
5880,94.52685546875
5884,94.60340881347656
5886,111.09698486328125
5890,104.06060028076172
5896,94.62600708007812
5897,102.74784088134766
5898,95.08478546142578
5901,104.37770080566406
5903,111.39280700683594
5906,95.06023406982422
5908,111.44014739990234
5909,94.44581604003906
5910,110.83427429199219
5911,94.62600708007812
5912,111.7950439453125
5914,111.84837341308594
5919,111.20516204833984
5924,94.52685546875
5926,94.88211822509766
5929,103.3622817993164
5930,94.62600708007812
5932,95.08478546142578
5933,111.42236328125
5934,94.84252166748047
5935,111.13011932373047
5936,94.52685546875
5937,112.23908996582031
5938,94.85322570800781
5939,111.28075408935547
5942,111.34097290039062
5943,94.62600708007812
5944,103.77912902832031
5946,111.3862533569336
5951,94.98368072509766
5953,102.7127685546875
5954,94.62600708007812
5957,103.37679290771484
5961,94.62600708007812
5962,104.01829528808594
5964,79.80741882324219
5965,95.08478546142578
5968,111.8370132446289
5969,94.62600708007812
5974,95.06023406982422
5975,112.34925079345703
5978,81.17581939697266
5981,103.37679290771484
5982,95.01670837402344
5983,112.28070831298828
5989,111.90625
5991,94.64301300048828
5992,102.70396423339844
5995,95.08283233642578
5996,102.79981994628906
5997,110.7715835571289
5998,94.52685546875
5999,79.68961334228516
6001,110.86784362792969
6002,94.52685546875
6003,110.66229248046875
6004,94.62600708007812
6006,111.43989562988281
6007,94.86511993408203
6011,104.07249450683594
6012,103.17010498046875
6014,94.62600708007812
6015,102.81585693359375
6016,95.0895004272461
6017,111.23921203613281
6018,95.08478546142578
6024,94.67955017089844
6025,102.85173797607422
6026,111.28197479248047
6028,111.26410675048828
6029,79.732177734375
6030,94.98368072509766
6036,111.49779510498047
6040,94.62600708007812
6041,111.47019958496094
6042,94.98563385009766
6044,94.62600708007812
6045,103.15249633789062
6047,103.1903076171875
6048,94.62600708007812
6049,111.63069152832031
6051,114.87954711914062
6052,110.84269714355469
6053,94.9145278930664
6054,111.24211120605469
6058,103.17212677001953
6059,94.86511993408203
6062,95.08478546142578
6063,114.95594024658203
6064,103.34276580810547
6065,94.62600708007812
6067,95.08283233642578
6068,111.34938049316406
6070,102.70671844482422
6071,103.22180938720703
6072,110.74639892578125
6080,110.74639892578125
6081,94.62600708007812
6084,104.01223754882812
6087,95.07975769042969
6089,103.48422241210938
6092,110.74639892578125
6094,94.62600708007812
6095,111.0445785522461
6097,112.060791015625
6100,95.00263214111328
6104,103.21361541748047
6105,94.62600708007812
6106,110.7127685546875
6107,79.7796401977539
6108,94.86511993408203
6109,110.74639892578125
6110,94.54385375976562
6114,110.74639892578125
6116,94.57746124267578
6117,102.77919006347656
6118,94.83917236328125
6123,79.96186065673828
6125,111.04222106933594
6128,110.82217407226562
6130,103.53509521484375
6132,110.65001678466797
6137,81.12741088867188
6139,111.07783508300781
6140,94.5877685546875
6141,111.82585144042969
6142,103.1762466430664
6144,104.81629943847656
6145,95.056884765625
6146,94.60005950927734
6149,94.56556701660156
6156,95.22645568847656
6159,111.29447937011719
6160,94.5877685546875
6162,103.1041259765625
6164,110.71540069580078
6165,94.50090026855469
6168,81.10635375976562
6169,111.34898376464844
6170,94.57746124267578
6171,111.07098388671875
6172,94.44207000732422
6173,111.86766052246094
6176,95.056884765625
6177,94.50090026855469
6178,95.07388305664062
6180,94.60005950927734
6181,103.15249633789062
6182,95.2529525756836
6185,94.81657409667969
6186,111.5006103515625
6188,112.38546752929688
6189,95.056884765625
6192,104.01223754882812
6193,94.60005950927734
6194,103.15249633789062
6195,94.83656311035156
6196,114.8460693359375
6197,94.5877685546875
6201,111.37751770019531
6202,95.06355285644531
6203,111.18035125732422
6204,94.57746124267578
6207,114.96825408935547
6209,94.50090026855469
6210,94.50090026855469
6211,111.84359741210938
6213,111.44888305664062
6216,94.44207000732422
6217,94.43175506591797
6219,95.00450897216797
6222,79.71986389160156
6223,94.60005950927734
6235,95.056884765625
6240,94.5946044921875
6242,94.60005950927734
6247,94.60005950927734
6251,111.3401107788086
6254,111.27604675292969
6255,95.03428649902344
6260,102.76127624511719
6261,94.60005950927734
6262,103.56572723388672
6264,111.37771606445312
6269,103.15548706054688
6271,103.88964080810547
6275,111.78033447265625
6276,94.50090026855469
6278,95.07583618164062
6279,111.92827606201172
6281,111.28305053710938
6284,95.06355285644531
6286,94.56556701660156
6287,79.82042694091797
6288,94.83917236328125
6292,94.95967864990234
6293,94.5877685546875
6295,95.058837890625
6298,110.76016998291016
6300,110.84416961669922
6304,103.15249633789062
6308,110.4885482788086
6310,95.058837890625
6312,110.74639892578125
6320,94.60005950927734
6324,94.56556701660156
6325,111.0624008178711
6330,95.13489532470703
6336,110.74169921875
6340,103.57628631591797
6341,94.7975082397461
6342,103.2656478881836
6344,94.32478332519531
6345,112.22626495361328
6347,112.50440979003906
6348,94.22562408447266
6349,110.76016998291016
6351,79.71986389160156
6353,112.18717956542969
6354,94.31932830810547
6357,94.36603546142578
6358,104.86111450195312
6360,102.82382202148438
6363,113.1802978515625
6364,94.6133041381836
6368,111.02938842773438
6370,94.22562408447266
6371,94.32478332519531
6377,95.21565246582031
6379,94.32478332519531
6381,94.32478332519531
6382,79.64440155029297
6383,113.43689727783203
6388,110.7660903930664
6390,110.7425308227539
6392,102.55059051513672
6393,94.82319641113281
6395,94.77127075195312
6398,103.02714538574219
6401,79.90808868408203
6402,94.12440490722656
6403,110.6572265625
6405,94.76809692382812
6406,94.59312438964844
6407,111.57342529296875
6409,103.15713500976562
6411,94.2054443359375
6413,94.54371643066406
6416,103.2955322265625
6417,94.30460357666016
6418,94.2054443359375
6419,114.9554214477539
6420,111.68355560302734
6426,111.67544555664062
6429,94.66422271728516
6430,94.30460357666016
6431,109.9616928100586
6432,94.2054443359375
6434,94.30460357666016
6437,112.97042846679688
6438,94.54371643066406
6439,103.08212280273438
6440,94.30460357666016
6441,94.22245025634766
6442,109.97320556640625
6443,94.3683853149414
6445,94.76338195800781
6448,110.3806381225586
6450,110.04588317871094
6453,94.30460357666016
6455,94.30460357666016
6457,94.73883056640625
6458,109.81797790527344
6461,94.76338195800781
6464,110.7974853515625
6467,94.30460357666016
6469,94.76142883300781
6470,79.66316223144531
6471,94.29231262207031
6473,103.07456970214844
6474,94.30460357666016
6479,94.34944915771484
6481,94.36697387695312
6484,110.24787139892578
6495,95.03763580322266
6496,110.91553497314453
6505,110.01590728759766
6506,94.36449432373047
6508,94.34749603271484
6509,94.1297836303711
6510,103.11967468261719
6512,103.1253433227539
6513,93.89067077636719
6514,110.88589477539062
6515,94.33716583251953
6519,94.34944915771484
6521,93.89067077636719
6523,79.63785552978516
6525,103.96113586425781
6526,93.89067077636719
6528,94.36449432373047
6529,110.4862060546875
6531,103.17732238769531
6533,103.72677612304688
6534,95.46791076660156
6535,110.51665496826172
6536,93.79151916503906
6537,111.51915740966797
6540,94.19145965576172
6541,112.80404663085938
6547,94.366455078125
6548,110.40568542480469
6551,110.66865539550781
6553,110.78131866455078
6555,104.00468444824219
6556,94.34749603271484
6561,79.61617279052734
6564,93.79151916503906
6565,110.54166412353516
6568,94.366455078125
6569,109.96564483642578
6573,103.10095977783203
6574,94.34944915771484
6577,110.57743072509766
6579,113.1802978515625
6581,93.89067077636719
6582,109.97090148925781
6585,104.07335662841797
6586,94.45484161376953
6589,103.11433410644531
6590,79.63785552978516
6593,93.89067077636719
6594,111.59451293945312
6595,94.19145965576172
6599,93.79151916503906
6600,93.7625961303711
6601,109.98703002929688
6602,94.17919158935547
6603,110.37307739257812
6604,93.86807250976562
6607,103.10839080810547
6608,103.1272964477539
6609,94.35416412353516
6611,93.89067077636719
6613,109.96564483642578
6614,94.16167449951172
6616,94.3182373046875
6617,109.96564483642578
6618,93.89067077636719
6619,102.71935272216797
6621,104.00468444824219
6627,103.28070068359375
6629,111.13859558105469
6631,79.63785552978516
6634,94.32489776611328
6636,93.89067077636719
6638,94.366455078125
6639,109.96564483642578
6641,110.55101776123047
6642,94.34944915771484
6651,112.23199462890625
6654,79.65164947509766
6657,94.34749603271484
6663,93.79151916503906
6665,111.68535614013672
6666,94.1297836303711
6668,93.89067077636719
6669,103.8421859741211
6670,94.34944915771484
6671,94.366455078125
6673,94.6766357421875
6675,93.79151916503906
6676,79.63785552978516
6677,94.1297836303711
6679,94.18222045898438
6680,110.7864990234375
6681,102.76261138916016
6685,102.76261138916016
6688,95.54163360595703
6689,94.19145965576172
6690,110.06239318847656
6692,109.96564483642578
6693,93.79151916503906
6694,93.89067077636719
6698,113.87248992919922
6699,94.33521270751953
6700,110.48107147216797
6701,94.32489776611328
6702,110.07793426513672
6704,94.19145965576172
6707,110.30510711669922
6712,109.81549072265625
6713,94.20723724365234
6715,93.87877655029297
6721,109.47757720947266
6722,93.89067077636719
6723,110.68424224853516
6724,94.19145965576172
6725,113.7177963256836
6731,110.16818237304688
6735,90.568359375
6736,93.87877655029297
6737,103.1651840209961
6738,93.8561782836914
6739,102.19622039794922
6741,102.66168975830078
6743,94.25029754638672
6745,93.89067077636719
6747,110.19644165039062
6749,93.86807250976562
6750,102.65819549560547
6751,112.5254898071289
6752,94.11788940429688
6753,109.53279113769531
6755,111.3760986328125
6756,93.89067077636719
6757,102.6963119506836
6759,109.97010803222656
6761,93.86807250976562
6763,93.87838745117188
6764,116.84532165527344
6765,94.34749603271484
6766,110.25971984863281
6768,109.7247085571289
6771,94.19145965576172
6773,93.89067077636719
6774,94.34944915771484
6778,118.54685974121094
6779,94.47084045410156
6781,93.72237396240234
6784,93.8561782836914
6786,94.26729583740234
6787,110.97370910644531
6790,94.47473907470703
6793,102.84693908691406
6795,109.53279113769531
6798,110.40754699707031
6806,102.56222534179688
6807,94.34749603271484
6810,93.89067077636719
6815,110.40946197509766
6816,93.79151916503906
6817,102.04326629638672
6818,93.89067077636719
6819,102.5578384399414
6820,94.34749603271484
6822,93.79151916503906
6823,113.23680877685547
6824,110.19174194335938
6825,93.89067077636719
6828,79.62479400634766
6829,110.61506652832031
6831,111.24156951904297
6832,93.86807250976562
6833,110.10885620117188
6834,93.87838745117188
6836,94.40299224853516
6837,109.69833374023438
6838,93.72237396240234
6840,102.44935607910156
6843,94.17919158935547
6845,94.17919158935547
6846,93.86807250976562
6847,110.07695770263672
6851,110.13900756835938
6852,93.71047973632812
6853,110.28146362304688
6858,94.34944915771484
6861,110.24940490722656
6863,109.58406066894531
6864,79.62479400634766
6865,94.33716583251953
6866,110.02766418457031
6867,94.35491943359375
6868,102.68963623046875
6869,93.89067077636719
6870,110.19174194335938
6874,110.57239532470703
6875,93.78075408935547
6877,109.60755920410156
6878,93.69971466064453
6880,94.11873626708984
6883,109.50253295898438
6884,93.7965316772461
6886,94.31413269042969
6890,94.33673095703125
6893,110.25260925292969
6894,93.79776000976562
6899,109.60755920410156
6900,93.78075408935547
6904,93.95677947998047
6905,109.80247497558594
6906,93.85731506347656
6910,93.78075408935547
6912,102.20600128173828
6913,109.95684814453125
6920,94.11873626708984
6922,94.25653839111328
6923,109.54082489013672
6926,94.33869171142578
6927,110.3886947631836
6928,93.78075408935547
6931,111.10452270507812
6933,93.85731506347656
6936,93.72860717773438
6937,109.6688232421875
6939,112.75452423095703
6941,94.23953247070312
6942,111.38904571533203
6943,93.87991333007812
6944,102.26156616210938
6945,94.33673095703125
6946,110.25677490234375
6947,112.65081024169922
6949,102.55581665039062
6951,102.53209686279297
6953,111.8987045288086
6954,94.3434066772461
6955,110.47882080078125
6963,109.93489837646484
6964,93.78075408935547
6966,93.85731506347656
6968,93.85731506347656
6970,102.52252197265625
6972,111.33876037597656
6976,110.55950164794922
6978,110.02080535888672
6981,102.77649688720703
6985,102.81066131591797
6986,93.85731506347656
6987,110.26221466064453
6989,109.72437286376953
6991,113.23680877685547
6993,112.30744934082031
6994,94.33673095703125
6995,109.62770080566406
6996,93.78767395019531
6997,110.2801284790039
6998,79.67398071289062
7001,109.92034149169922
7003,111.60172271728516
7006,94.3537368774414
7008,103.01042938232422
7010,94.1684341430664
7011,93.87991333007812
7012,112.72857666015625
7013,94.23953247070312
7014,109.79000854492188
7017,102.1403579711914
7018,93.87991333007812
7019,94.1684341430664
7023,94.33673095703125
7024,102.06748962402344
7025,94.09642028808594
7026,110.2986068725586
7027,93.85731506347656
7028,112.42872619628906
7030,109.54827880859375
7031,94.53428649902344
7033,110.31047821044922
7036,93.87445831298828
7037,94.27876281738281
7039,93.87991333007812
7044,93.86762237548828
7045,109.6839370727539
7046,94.33673095703125
7049,103.36116790771484
7050,94.32415008544922
7051,102.52252197265625
7054,109.4798355102539
7055,94.06236267089844
7057,93.87991333007812
7060,109.60755920410156
7061,94.33869171142578
7063,93.71160888671875
7064,109.7778091430664
7067,94.11873626708984
7071,93.87991333007812
7074,102.55724334716797
7075,94.1190185546875
7078,109.6839370727539
7079,94.18070220947266
7080,114.71481323242188
7081,94.33869171142578
7082,109.81536865234375
7083,94.09642028808594
7085,109.74089050292969
7092,102.5578384399414
7094,94.33869171142578
7100,94.25653839111328
7101,109.65731048583984
7102,110.02080535888672
7104,109.8280258178711
7105,94.33869171142578
7106,93.87991333007812
7107,102.5116958618164
7108,79.57440185546875
7109,93.82325744628906
7110,109.6688232421875
7112,94.330078125
7113,102.52252197265625
7114,94.3556900024414
7116,109.82172393798828
7117,94.33673095703125
7118,103.18340301513672
7120,94.32640075683594
7121,102.13021850585938
7123,102.16143798828125
7124,94.3434066772461
7127,103.03697204589844
7131,102.4219970703125
7132,93.87991333007812
7133,94.1684341430664
7134,109.85559844970703
7135,94.19770050048828
7136,111.36212158203125
7137,93.85731506347656
7141,94.20999145507812
7144,102.54993438720703
7147,109.80188751220703
7148,94.4493637084961
7150,93.69971466064453
7151,94.32640075683594
7152,102.5262222290039
7154,95.39672088623047
7156,94.32640075683594
7157,102.60697937011719
7159,113.24867248535156
7161,94.34220123291016
7163,93.87991333007812
7164,102.54597473144531
7167,79.62479400634766
7169,102.56745910644531
7170,94.33869171142578
7173,93.86986541748047
7174,118.4588851928711
7177,109.85530853271484
7178,106.51480865478516
7179,93.86986541748047
7180,79.66951751708984
7181,110.19174194335938
7182,93.79442596435547
7184,93.86986541748047
7185,110.38495635986328
7186,93.70828247070312
7187,111.8990249633789
7188,94.29743194580078
7189,109.84994506835938
7191,102.55724334716797
7193,109.95223999023438
7197,94.2362060546875
7199,93.8709945678711
7200,109.81536865234375
7201,94.19437408447266
7204,93.77742767333984
7207,109.73609161376953
7209,109.56965637207031
7210,93.85758209228516
7211,102.58488464355469
7213,93.6963882446289
7214,110.2801284790039
7216,110.2801284790039
7217,93.77742767333984
7220,109.45767974853516
7224,109.54827880859375
7225,93.74787902832031
7226,110.2801284790039
7227,94.10897827148438
7234,110.38495635986328
7236,90.21863555908203
7239,102.85026550292969
7240,94.31673431396484
7242,113.34025573730469
7244,110.20885467529297
7245,93.89329528808594
7247,109.57191467285156
7248,93.73855590820312
7249,113.3664779663086
7250,111.77513885498047
7251,93.77952575683594
7252,111.10929870605469
7253,79.63452911376953
7256,94.31869506835938
7260,93.84762573242188
7261,110.23811340332031
7264,93.85990905761719
7269,110.16194152832031
7270,93.76747131347656
7273,109.87481689453125
7279,93.2110824584961
7281,112.81175231933594
7284,93.22313690185547
7285,110.50467681884766
7286,113.40135192871094
7287,93.2110824584961
7289,93.30352020263672
7292,93.28092193603516
7293,110.32601928710938
7296,93.50814056396484
7297,110.06121826171875
7298,93.3673095703125
7299,110.30195617675781
7301,102.35003662109375
7304,110.23532104492188
7306,113.69452667236328
7308,93.30352020263672
7309,102.07501983642578
7312,93.28092193603516
7313,79.58613586425781
7314,93.75001525878906
7316,93.30352020263672
7319,112.09539794921875
7321,93.54263305664062
7323,93.76229858398438
7324,102.09310913085938
7325,93.54263305664062
7328,102.23554992675781
7330,79.60182189941406
7334,93.54263305664062
7337,110.50210571289062
7338,93.76034545898438
7339,93.2110824584961
7341,93.2110824584961
7342,110.49006652832031
7344,111.47771453857422
7345,109.27714538574219
7347,110.04723358154297
7349,112.53404998779297
7350,94.69966125488281
7353,110.3494644165039
7355,110.1981430053711
7356,93.76034545898438
7357,111.50304412841797
7358,93.76229858398438
7360,93.28092193603516
7363,103.03451538085938
7364,93.35706329345703
7366,93.54263305664062
7368,93.77734375
7369,109.62998962402344
7370,93.61102294921875
7373,93.22808074951172
7374,110.05526733398438
7375,93.30352020263672
7377,93.76229858398438
7379,93.2110824584961
7380,116.89820098876953
7382,110.1438980102539
7383,93.2110824584961
7385,93.2916259765625
7386,102.75664520263672
7391,93.54263305664062
7394,117.20062255859375
7396,111.77513885498047
7397,94.6877670288086
7399,93.76229858398438
7400,102.39894104003906
7403,79.58613586425781
7405,110.22027587890625
7408,110.23731994628906
7414,109.65692138671875
7416,103.6451416015625
7417,93.30464935302734
7419,93.30352020263672
7420,109.82482147216797
7421,93.76229858398438
7422,93.35706329345703
7423,103.50968933105469
7425,79.58613586425781
7430,93.70796966552734
7432,93.76229858398438
7433,93.76229858398438
7434,109.71446228027344
7436,109.53775787353516
7437,93.53034210205078
7438,102.60798645019531
7440,102.50069427490234
7441,93.30352020263672
7442,110.05967712402344
7445,110.22396850585938
7446,102.06051635742188
7448,109.95965576171875
7450,102.1773452758789
7451,93.30352020263672
7454,111.99005889892578
7455,93.30352020263672
7457,110.482177734375
7459,102.06051635742188
7462,93.19080352783203
7464,93.28324127197266
7465,111.05783081054688
7466,93.19080352783203
7467,109.67393493652344
7469,111.0726318359375
7472,93.74006652832031
7473,109.51838684082031
7479,93.52235412597656
7480,102.6963882446289
7484,109.74761962890625
7491,93.30024719238281
7494,102.9045181274414
7495,93.28324127197266
7501,93.1097640991211
7503,93.28324127197266
7504,102.65105438232422
7505,93.2606430053711
7508,110.49879455566406
7509,93.19080352783203
7510,79.58613586425781
7511,109.57140350341797
7515,93.5670166015625
7516,102.38404083251953
7517,93.30024719238281
7518,102.10160827636719
7519,93.30024719238281
7521,93.74006652832031
7522,102.63595581054688
7524,102.7874755859375
7526,102.14122009277344
7527,93.28324127197266
7528,102.16829681396484
7529,93.75706481933594
7534,110.1189956665039
7537,109.97240447998047
7538,93.7595443725586
7540,93.27134704589844
7541,110.55560302734375
7545,112.7240982055664
7551,109.92135620117188
7553,93.53935241699219
7554,102.29586791992188
7555,93.70469665527344
7561,110.88902282714844
7562,93.68576049804688
7564,93.28324127197266
7565,102.43901824951172
7566,93.74673461914062
7567,112.25203704833984
7569,101.97288513183594
7570,93.75706481933594
7571,112.46882629394531
7572,93.28324127197266
7574,102.88416290283203
7578,110.2262954711914
7579,93.2332992553711
7586,93.2606430053711
7587,79.60488891601562
7590,93.28324127197266
7593,109.51838684082031
7594,93.75902557373047
7595,93.74673461914062
7600,93.2606430053711
7601,79.66091918945312
7602,93.729736328125
7603,111.77674865722656
7604,93.2606430053711
7606,93.22140502929688
7608,109.93333435058594
7613,79.58613586425781
7615,110.07257080078125
7616,109.53117370605469
7617,112.17369079589844
7618,93.28324127197266
7619,102.5788803100586
7622,93.75902557373047
7623,102.0968246459961
7624,93.74006652832031
7625,102.09400939941406
7626,93.53935241699219
7627,102.11144256591797
7628,79.5357437133789
7631,102.37628173828125
7632,102.5788803100586
7633,93.71746826171875
7634,114.4321060180664
7635,93.64958190917969
7636,110.2801284790039
7637,110.2801284790039
7639,93.2606430053711
7640,79.60182189941406
7644,109.86082458496094
7645,93.71746826171875
7648,102.1585922241211
7649,93.30024719238281
7650,110.2711181640625
7652,111.05783081054688
7653,93.52235412597656
7655,93.28324127197266
7659,110.85826110839844
7662,93.89263916015625
7664,93.64958190917969
7666,93.75902557373047
7668,93.28324127197266
7669,111.26780700683594
7670,93.54235076904297
7672,93.74006652832031
7673,110.22583770751953
7678,93.66439056396484
7679,79.62203979492188
7680,103.0927505493164
7683,93.55467224121094
7685,113.24867248535156
7688,93.23016357421875
7690,109.51113891601562
7692,93.22564697265625
7693,93.67213439941406
7695,110.38495635986328
7696,93.2086410522461
7698,93.13320922851562
7699,110.23199462890625
7702,93.30316925048828
7703,110.2801284790039
7704,93.18389129638672
7707,109.57140350341797
7713,79.55503845214844
7715,102.72904968261719
7717,110.25922393798828
7718,93.62371063232422
7719,102.75370788574219
7721,111.64903259277344
7722,93.64266967773438
7725,102.10820007324219
7727,102.8030014038086
7730,79.60850524902344
7733,93.57563781738281
7735,102.18103790283203
7740,110.31306457519531
7741,110.1431655883789
7742,93.0979232788086
7744,110.34307098388672
7747,93.62371063232422
7750,79.53935241699219
7752,111.05284118652344
7754,110.17536926269531
7756,102.84014129638672
7757,93.62566375732422
7758,102.89506530761719
7760,103.17696380615234
7761,93.6133804321289
7763,109.73255157470703
7765,93.40599822998047
7767,110.31306457519531
7768,93.16688537597656
7771,93.6133804321289
7773,93.08992004394531
7774,115.18718719482422
7776,103.07760620117188
7779,93.16688537597656
7783,93.08092498779297
7786,117.94755554199219
7787,93.15499114990234
7789,93.16688537597656
7791,93.64071655273438
7793,93.15499114990234
7794,110.14288330078125
7795,93.08092498779297
7799,79.53935241699219
7800,110.85942077636719
7802,93.18389129638672
7805,110.30009460449219
7807,101.99446105957031
7808,93.62371063232422
7811,102.61216735839844
7817,109.49874877929688
7818,102.5788803100586
7819,93.16688537597656
7822,93.144287109375
7823,110.3432846069336
7825,109.8321304321289
7828,93.08092498779297
7832,93.15460205078125
7833,79.53935241699219
7834,109.43228912353516
7835,93.40599822998047
7837,93.62566375732422
7840,93.64266967773438
7842,93.16688537597656
7843,110.47010040283203
7844,93.16688537597656
7846,93.6133804321289
7850,93.16688537597656
7853,110.6166000366211
7855,111.04459381103516
7858,93.56468200683594
7863,110.87893676757812
7865,109.81609344482422
7866,93.08092498779297
7868,93.47891235351562
7869,110.1612777709961
7871,79.55503845214844
7872,102.49349975585938
7874,102.9865951538086
7877,110.47833251953125
7878,93.60111236572266
7879,110.21783447265625
7881,93.08092498779297
7883,93.16688537597656
7885,102.17601776123047
7886,93.42300415039062
7889,93.63038635253906
7890,102.94206237792969
7891,93.60111236572266
7893,93.13239288330078
7894,102.4351806640625
7896,110.2692642211914
7898,102.68209838867188
7901,93.62371063232422
7902,109.91622161865234
7904,111.50678253173828
7905,93.16688537597656
7906,114.1456298828125
7909,93.16688537597656
7910,102.0968246459961
7913,93.16688537597656
7918,109.71580505371094
7919,93.48087310791016
7923,93.15460205078125
7925,93.6133804321289
7927,93.4686050415039
7930,93.40599822998047
7932,93.62566375732422
7933,93.144287109375
7935,93.2098159790039
7939,102.79631805419922
7942,93.08992004394531
7943,112.02798461914062
7945,103.43087005615234
7946,93.64071655273438
7948,93.62371063232422
7949,109.50401306152344
7950,93.08092498779297
7951,110.26575469970703
7955,102.58380889892578
7959,93.22042846679688
7960,110.26575469970703
7961,93.91376495361328
7962,102.8737564086914
7964,103.12598419189453
7965,93.62371063232422
7966,109.85322570800781
7967,103.39595031738281
7968,93.6133804321289
7971,102.76329803466797
7974,93.48087310791016
7976,109.69136047363281
7978,110.13084411621094
7982,110.26575469970703
7983,93.16688537597656
7984,102.60629272460938
7986,93.48087310791016
7989,109.50401306152344
7991,109.91622161865234
7992,110.4872055053711
7993,93.53775024414062
7994,110.15296173095703
7995,93.15460205078125
7997,93.144287109375
7998,102.60629272460938
7999,109.484375
8002,93.15460205078125
8007,93.53970336914062
8009,93.16688537597656
8011,93.53970336914062
8013,94.37254333496094
8015,102.60803985595703
8017,111.16919708251953
8019,113.26722717285156
8023,93.16688537597656
8024,110.37057495117188
8026,110.27313232421875
8027,93.01799011230469
8029,93.16688537597656
8030,111.27728271484375
8031,93.55670166015625
8033,93.98930358886719
8035,93.3833999633789
8036,102.66767120361328
8039,106.5900650024414
8042,93.4686050415039
8044,93.40599822998047
8046,79.51766967773438
8048,114.32295227050781
8049,93.16688537597656
8050,102.13786315917969
8053,93.40599822998047
8054,93.16801452636719
8059,93.16688537597656
8061,93.08092498779297
8062,109.42906188964844
8064,110.189208984375
8066,102.74987030029297
8067,93.57134246826172
8068,93.144287109375
8070,93.40599822998047
8071,110.61679077148438
8072,93.08092498779297
8076,93.06184387207031
8080,93.01177978515625
8081,110.8008041381836
8084,102.86043548583984
8087,110.15028381347656
8089,93.01177978515625
8090,116.85362243652344
8091,102.61216735839844
8094,112.10194396972656
8100,93.17095947265625
8101,93.62566375732422
8110,93.16688537597656
8111,109.91622161865234
8112,93.57459259033203
8115,111.21265411376953
8116,93.40599822998047
8118,110.189208984375
8121,113.44342803955078
8125,110.33262634277344
8127,110.25837707519531
8128,93.53775024414062
8129,109.89618682861328
8131,93.18389129638672
8138,93.16688537597656
8139,101.98226928710938
8140,93.16688537597656
8141,93.08992004394531
8142,114.73150634765625
8143,110.0713882446289
8145,110.27313232421875
8146,93.02830505371094
8148,109.525390625
8153,110.7904281616211
8154,93.0220947265625
8155,114.2597427368164
8161,93.13239288330078
8162,110.60664367675781
8163,93.08092498779297
8166,110.12116241455078
8168,110.3481674194336
8170,93.08092498779297
8172,109.87604522705078
8173,93.48087310791016
8176,102.31607055664062
8179,93.16688537597656
8181,93.63038635253906
8182,113.02883911132812
8184,110.42316436767578
8190,103.04167175292969
8191,93.62371063232422
8194,110.41999053955078
8196,118.13418579101562
8198,111.15230560302734
8199,110.31108856201172
8201,111.77577209472656
8202,93.16688537597656
8207,93.62566375732422
8208,109.84414672851562
8211,110.86679077148438
8214,110.3655776977539
8217,93.16688537597656
8218,110.30777740478516
8222,93.16688537597656
8229,102.81404876708984
8231,93.53970336914062
8233,93.64266967773438
8236,93.16688537597656
8238,112.66303253173828
8240,102.37646484375
8243,103.53010559082031
8246,110.02689361572266
8250,93.3370361328125
8254,94.11599731445312
8256,79.88986206054688
8257,109.73595428466797
8258,93.08092498779297
8260,93.16688537597656
8261,109.73991394042969
8263,112.25704956054688
8264,93.16688537597656
8267,110.4145736694336
8268,93.08092498779297
8271,93.56262969970703
8272,109.84414672851562
8275,93.62371063232422
8276,94.20075225830078
8277,118.21565246582031
8278,111.93329620361328
8279,93.08992004394531
8280,109.66062927246094
8281,94.57162475585938
8282,109.73571014404297
8287,111.80735778808594
8288,93.48087310791016
8289,112.94413757324219
8294,93.14954376220703
8296,93.28839874267578
8299,109.75348663330078
8302,102.7892837524414
8308,110.13858795166016
8314,103.04884338378906
8315,93.62371063232422
8316,110.44580078125
8317,93.8877944946289
8319,111.06275939941406
8320,93.5826187133789
8321,112.05409240722656
8323,93.16688537597656
8325,93.1741943359375
8326,110.2249526977539
8328,109.84414672851562
8330,109.8832015991211
8331,93.16801452636719
8332,114.72093963623047
8334,93.16688537597656
8338,93.09902954101562
8339,94.60067749023438
8341,92.99988555908203
8345,110.61223602294922
8346,93.63038635253906
8347,103.03942108154297
8349,94.33527374267578
8351,93.1741943359375
8352,110.36565399169922
8353,109.84414672851562
8355,110.68882751464844
8358,109.45077514648438
8359,110.9149169921875
8360,93.53970336914062
8361,109.6048355102539
8363,103.96942138671875
8364,93.94596862792969
8365,93.62371063232422
8366,102.75396728515625
8370,109.8087158203125
8372,93.13239288330078
8376,93.67053985595703
8377,110.13787078857422
8379,110.05277252197266
8380,93.59922790527344
8381,111.13610076904297
8386,93.111083984375
8388,102.45787048339844
8389,93.16688537597656
8391,110.28550720214844
8394,94.11599731445312
8396,106.7117919921875
8398,102.79161834716797
8400,111.36185455322266
8401,93.16801452636719
8404,92.99988555908203
8407,94.09820556640625
8408,111.53588104248047
8409,109.88800048828125
8410,106.7117919921875
8411,93.31427764892578
8413,93.656005859375
8414,110.24787139892578
8416,93.16688537597656
